jfreechart-master\jfreechart-master\src\main\java\module-info.java, main.java, module-info
jfreechart-master\jfreechart-master\src\main\java\org\jfree\chart\annotations\AbstractAnnotation.java, main.java, AbstractAnnotation
jfreechart-master\jfreechart-master\src\main\java\org\jfree\chart\annotations\AbstractXYAnnotation.java, main.java, AbstractXYAnnotation
jfreechart-master\jfreechart-master\src\main\java\org\jfree\chart\annotations\Annotation.java, main.java, Annotation
jfreechart-master\jfreechart-master\src\main\java\org\jfree\chart\annotations\CategoryAnnotation.java, main.java, CategoryAnnotation
jfreechart-master\jfreechart-master\src\main\java\org\jfree\chart\annotations\CategoryLineAnnotation.java, main.java, CategoryLineAnnotation
jfreechart-master\jfreechart-master\src\main\java\org\jfree\chart\annotations\CategoryPointerAnnotation.java, main.java, CategoryPointerAnnotation
jfreechart-master\jfreechart-master\src\main\java\org\jfree\chart\annotations\CategoryTextAnnotation.java, main.java, CategoryTextAnnotation
jfreechart-master\jfreechart-master\src\main\java\org\jfree\chart\annotations\package-info.java, main.java, package-info
jfreechart-master\jfreechart-master\src\main\java\org\jfree\chart\annotations\TextAnnotation.java, main.java, TextAnnotation
jfreechart-master\jfreechart-master\src\main\java\org\jfree\chart\annotations\XYAnnotation.java, main.java, XYAnnotation
jfreechart-master\jfreechart-master\src\main\java\org\jfree\chart\annotations\XYAnnotationBoundsInfo.java, main.java, XYAnnotationBoundsInfo
jfreechart-master\jfreechart-master\src\main\java\org\jfree\chart\annotations\XYBoxAnnotation.java, main.java, XYBoxAnnotation
jfreechart-master\jfreechart-master\src\main\java\org\jfree\chart\annotations\XYDataImageAnnotation.java, main.java, XYDataImageAnnotation
jfreechart-master\jfreechart-master\src\main\java\org\jfree\chart\annotations\XYDrawableAnnotation.java, main.java, XYDrawableAnnotation
jfreechart-master\jfreechart-master\src\main\java\org\jfree\chart\annotations\XYImageAnnotation.java, main.java, XYImageAnnotation
jfreechart-master\jfreechart-master\src\main\java\org\jfree\chart\annotations\XYLineAnnotation.java, main.java, XYLineAnnotation
jfreechart-master\jfreechart-master\src\main\java\org\jfree\chart\annotations\XYPointerAnnotation.java, main.java, XYPointerAnnotation
jfreechart-master\jfreechart-master\src\main\java\org\jfree\chart\annotations\XYPolygonAnnotation.java, main.java, XYPolygonAnnotation
jfreechart-master\jfreechart-master\src\main\java\org\jfree\chart\annotations\XYShapeAnnotation.java, main.java, XYShapeAnnotation
jfreechart-master\jfreechart-master\src\main\java\org\jfree\chart\annotations\XYTextAnnotation.java, main.java, XYTextAnnotation
jfreechart-master\jfreechart-master\src\main\java\org\jfree\chart\annotations\XYTitleAnnotation.java, main.java, XYTitleAnnotation
jfreechart-master\jfreechart-master\src\main\java\org\jfree\chart\api\HorizontalAlignment.java, main.java, HorizontalAlignment
jfreechart-master\jfreechart-master\src\main\java\org\jfree\chart\api\Layer.java, main.java, Layer
jfreechart-master\jfreechart-master\src\main\java\org\jfree\chart\api\LengthAdjustmentType.java, main.java, LengthAdjustmentType
jfreechart-master\jfreechart-master\src\main\java\org\jfree\chart\api\package-info.java, main.java, package-info
jfreechart-master\jfreechart-master\src\main\java\org\jfree\chart\api\PublicCloneable.java, main.java, PublicCloneable
jfreechart-master\jfreechart-master\src\main\java\org\jfree\chart\api\RectangleAlignment.java, main.java, RectangleAlignment
jfreechart-master\jfreechart-master\src\main\java\org\jfree\chart\api\RectangleAnchor.java, main.java, RectangleAnchor
jfreechart-master\jfreechart-master\src\main\java\org\jfree\chart\api\RectangleEdge.java, main.java, RectangleEdge
jfreechart-master\jfreechart-master\src\main\java\org\jfree\chart\api\RectangleInsets.java, main.java, RectangleInsets
jfreechart-master\jfreechart-master\src\main\java\org\jfree\chart\api\Rotation.java, main.java, Rotation
jfreechart-master\jfreechart-master\src\main\java\org\jfree\chart\api\SortOrder.java, main.java, SortOrder
jfreechart-master\jfreechart-master\src\main\java\org\jfree\chart\api\TableOrder.java, main.java, TableOrder
jfreechart-master\jfreechart-master\src\main\java\org\jfree\chart\api\UnitType.java, main.java, UnitType
jfreechart-master\jfreechart-master\src\main\java\org\jfree\chart\api\VerticalAlignment.java, main.java, VerticalAlignment
jfreechart-master\jfreechart-master\src\main\java\org\jfree\chart\api\XYCoordinateType.java, main.java, XYCoordinateType
jfreechart-master\jfreechart-master\src\main\java\org\jfree\chart\axis\Axis.java, main.java, Axis
jfreechart-master\jfreechart-master\src\main\java\org\jfree\chart\axis\AxisCollection.java, main.java, AxisCollection
jfreechart-master\jfreechart-master\src\main\java\org\jfree\chart\axis\AxisLabelLocation.java, main.java, AxisLabelLocation
jfreechart-master\jfreechart-master\src\main\java\org\jfree\chart\axis\AxisLocation.java, main.java, AxisLocation
jfreechart-master\jfreechart-master\src\main\java\org\jfree\chart\axis\AxisSpace.java, main.java, AxisSpace
jfreechart-master\jfreechart-master\src\main\java\org\jfree\chart\axis\AxisState.java, main.java, AxisState
jfreechart-master\jfreechart-master\src\main\java\org\jfree\chart\axis\CategoryAnchor.java, main.java, CategoryAnchor
jfreechart-master\jfreechart-master\src\main\java\org\jfree\chart\axis\CategoryAxis.java, main.java, CategoryAxis
jfreechart-master\jfreechart-master\src\main\java\org\jfree\chart\axis\CategoryLabelPosition.java, main.java, CategoryLabelPosition
jfreechart-master\jfreechart-master\src\main\java\org\jfree\chart\axis\CategoryLabelPositions.java, main.java, CategoryLabelPositions
jfreechart-master\jfreechart-master\src\main\java\org\jfree\chart\axis\CategoryLabelWidthType.java, main.java, CategoryLabelWidthType
jfreechart-master\jfreechart-master\src\main\java\org\jfree\chart\axis\CategoryTick.java, main.java, CategoryTick
jfreechart-master\jfreechart-master\src\main\java\org\jfree\chart\axis\CompassFormat.java, main.java, CompassFormat
jfreechart-master\jfreechart-master\src\main\java\org\jfree\chart\axis\CyclicNumberAxis.java, main.java, CyclicNumberAxis
jfreechart-master\jfreechart-master\src\main\java\org\jfree\chart\axis\DateAxis.java, main.java, DateAxis
jfreechart-master\jfreechart-master\src\main\java\org\jfree\chart\axis\DateTick.java, main.java, DateTick
jfreechart-master\jfreechart-master\src\main\java\org\jfree\chart\axis\DateTickMarkPosition.java, main.java, DateTickMarkPosition
jfreechart-master\jfreechart-master\src\main\java\org\jfree\chart\axis\DateTickUnit.java, main.java, DateTickUnit
jfreechart-master\jfreechart-master\src\main\java\org\jfree\chart\axis\DateTickUnitType.java, main.java, DateTickUnitType
jfreechart-master\jfreechart-master\src\main\java\org\jfree\chart\axis\ExtendedCategoryAxis.java, main.java, ExtendedCategoryAxis
jfreechart-master\jfreechart-master\src\main\java\org\jfree\chart\axis\LogarithmicAxis.java, main.java, LogarithmicAxis
jfreechart-master\jfreechart-master\src\main\java\org\jfree\chart\axis\LogAxis.java, main.java, LogAxis
jfreechart-master\jfreechart-master\src\main\java\org\jfree\chart\axis\LogTick.java, main.java, LogTick
jfreechart-master\jfreechart-master\src\main\java\org\jfree\chart\axis\MarkerAxisBand.java, main.java, MarkerAxisBand
jfreechart-master\jfreechart-master\src\main\java\org\jfree\chart\axis\ModuloAxis.java, main.java, ModuloAxis
jfreechart-master\jfreechart-master\src\main\java\org\jfree\chart\axis\MonthDateFormat.java, main.java, MonthDateFormat
jfreechart-master\jfreechart-master\src\main\java\org\jfree\chart\axis\NumberAxis.java, main.java, NumberAxis
jfreechart-master\jfreechart-master\src\main\java\org\jfree\chart\axis\NumberTick.java, main.java, NumberTick
jfreechart-master\jfreechart-master\src\main\java\org\jfree\chart\axis\NumberTickUnit.java, main.java, NumberTickUnit
jfreechart-master\jfreechart-master\src\main\java\org\jfree\chart\axis\NumberTickUnitSource.java, main.java, NumberTickUnitSource
jfreechart-master\jfreechart-master\src\main\java\org\jfree\chart\axis\package-info.java, main.java, package-info
jfreechart-master\jfreechart-master\src\main\java\org\jfree\chart\axis\PeriodAxis.java, main.java, PeriodAxis
jfreechart-master\jfreechart-master\src\main\java\org\jfree\chart\axis\PeriodAxisLabelInfo.java, main.java, PeriodAxisLabelInfo
jfreechart-master\jfreechart-master\src\main\java\org\jfree\chart\axis\QuarterDateFormat.java, main.java, QuarterDateFormat
jfreechart-master\jfreechart-master\src\main\java\org\jfree\chart\axis\StandardTickUnitSource.java, main.java, StandardTickUnitSource
jfreechart-master\jfreechart-master\src\main\java\org\jfree\chart\axis\SubCategoryAxis.java, main.java, SubCategoryAxis
jfreechart-master\jfreechart-master\src\main\java\org\jfree\chart\axis\SymbolAxis.java, main.java, SymbolAxis
jfreechart-master\jfreechart-master\src\main\java\org\jfree\chart\axis\Tick.java, main.java, Tick
jfreechart-master\jfreechart-master\src\main\java\org\jfree\chart\axis\TickType.java, main.java, TickType
jfreechart-master\jfreechart-master\src\main\java\org\jfree\chart\axis\TickUnit.java, main.java, TickUnit
jfreechart-master\jfreechart-master\src\main\java\org\jfree\chart\axis\TickUnits.java, main.java, TickUnits
jfreechart-master\jfreechart-master\src\main\java\org\jfree\chart\axis\TickUnitSource.java, main.java, TickUnitSource
jfreechart-master\jfreechart-master\src\main\java\org\jfree\chart\axis\Timeline.java, main.java, Timeline
jfreechart-master\jfreechart-master\src\main\java\org\jfree\chart\axis\ValueAxis.java, main.java, ValueAxis
jfreechart-master\jfreechart-master\src\main\java\org\jfree\chart\axis\ValueTick.java, main.java, ValueTick
jfreechart-master\jfreechart-master\src\main\java\org\jfree\chart\block\AbstractBlock.java, main.java, AbstractBlock
jfreechart-master\jfreechart-master\src\main\java\org\jfree\chart\block\Arrangement.java, main.java, Arrangement
jfreechart-master\jfreechart-master\src\main\java\org\jfree\chart\block\Block.java, main.java, Block
jfreechart-master\jfreechart-master\src\main\java\org\jfree\chart\block\BlockBorder.java, main.java, BlockBorder
jfreechart-master\jfreechart-master\src\main\java\org\jfree\chart\block\BlockContainer.java, main.java, BlockContainer
jfreechart-master\jfreechart-master\src\main\java\org\jfree\chart\block\BlockFrame.java, main.java, BlockFrame
jfreechart-master\jfreechart-master\src\main\java\org\jfree\chart\block\BlockParams.java, main.java, BlockParams
jfreechart-master\jfreechart-master\src\main\java\org\jfree\chart\block\BlockResult.java, main.java, BlockResult
jfreechart-master\jfreechart-master\src\main\java\org\jfree\chart\block\BorderArrangement.java, main.java, BorderArrangement
jfreechart-master\jfreechart-master\src\main\java\org\jfree\chart\block\CenterArrangement.java, main.java, CenterArrangement
jfreechart-master\jfreechart-master\src\main\java\org\jfree\chart\block\ColorBlock.java, main.java, ColorBlock
jfreechart-master\jfreechart-master\src\main\java\org\jfree\chart\block\ColumnArrangement.java, main.java, ColumnArrangement
jfreechart-master\jfreechart-master\src\main\java\org\jfree\chart\block\EmptyBlock.java, main.java, EmptyBlock
jfreechart-master\jfreechart-master\src\main\java\org\jfree\chart\block\EntityBlockParams.java, main.java, EntityBlockParams
jfreechart-master\jfreechart-master\src\main\java\org\jfree\chart\block\EntityBlockResult.java, main.java, EntityBlockResult
jfreechart-master\jfreechart-master\src\main\java\org\jfree\chart\block\FlowArrangement.java, main.java, FlowArrangement
jfreechart-master\jfreechart-master\src\main\java\org\jfree\chart\block\GridArrangement.java, main.java, GridArrangement
jfreechart-master\jfreechart-master\src\main\java\org\jfree\chart\block\LabelBlock.java, main.java, LabelBlock
jfreechart-master\jfreechart-master\src\main\java\org\jfree\chart\block\LengthConstraintType.java, main.java, LengthConstraintType
jfreechart-master\jfreechart-master\src\main\java\org\jfree\chart\block\LineBorder.java, main.java, LineBorder
jfreechart-master\jfreechart-master\src\main\java\org\jfree\chart\block\package-info.java, main.java, package-info
jfreechart-master\jfreechart-master\src\main\java\org\jfree\chart\block\RectangleConstraint.java, main.java, RectangleConstraint
jfreechart-master\jfreechart-master\src\main\java\org\jfree\chart\block\Size2D.java, main.java, Size2D
jfreechart-master\jfreechart-master\src\main\java\org\jfree\chart\ChartColor.java, main.java, ChartColor
jfreechart-master\jfreechart-master\src\main\java\org\jfree\chart\ChartElement.java, main.java, ChartElement
jfreechart-master\jfreechart-master\src\main\java\org\jfree\chart\ChartElementVisitor.java, main.java, ChartElementVisitor
jfreechart-master\jfreechart-master\src\main\java\org\jfree\chart\ChartFactory.java, main.java, ChartFactory
jfreechart-master\jfreechart-master\src\main\java\org\jfree\chart\ChartHints.java, main.java, ChartHints
jfreechart-master\jfreechart-master\src\main\java\org\jfree\chart\ChartRenderingInfo.java, main.java, ChartRenderingInfo
jfreechart-master\jfreechart-master\src\main\java\org\jfree\chart\ChartTheme.java, main.java, ChartTheme
jfreechart-master\jfreechart-master\src\main\java\org\jfree\chart\ChartTransferable.java, main.java, ChartTransferable
jfreechart-master\jfreechart-master\src\main\java\org\jfree\chart\ChartUtils.java, main.java, ChartUtils
jfreechart-master\jfreechart-master\src\main\java\org\jfree\chart\date\MonthConstants.java, main.java, MonthConstants
jfreechart-master\jfreechart-master\src\main\java\org\jfree\chart\date\package-info.java, main.java, package-info
jfreechart-master\jfreechart-master\src\main\java\org\jfree\chart\date\SerialDate.java, main.java, SerialDate
jfreechart-master\jfreechart-master\src\main\java\org\jfree\chart\date\SpreadsheetDate.java, main.java, SpreadsheetDate
jfreechart-master\jfreechart-master\src\main\java\org\jfree\chart\Drawable.java, main.java, Drawable
jfreechart-master\jfreechart-master\src\main\java\org\jfree\chart\encoders\EncoderUtil.java, main.java, EncoderUtil
jfreechart-master\jfreechart-master\src\main\java\org\jfree\chart\encoders\ImageEncoder.java, main.java, ImageEncoder
jfreechart-master\jfreechart-master\src\main\java\org\jfree\chart\encoders\ImageEncoderFactory.java, main.java, ImageEncoderFactory
jfreechart-master\jfreechart-master\src\main\java\org\jfree\chart\encoders\ImageFormat.java, main.java, ImageFormat
jfreechart-master\jfreechart-master\src\main\java\org\jfree\chart\encoders\package-info.java, main.java, package-info
jfreechart-master\jfreechart-master\src\main\java\org\jfree\chart\encoders\SunJPEGEncoderAdapter.java, main.java, SunJPEGEncoderAdapter
jfreechart-master\jfreechart-master\src\main\java\org\jfree\chart\encoders\SunPNGEncoderAdapter.java, main.java, SunPNGEncoderAdapter
jfreechart-master\jfreechart-master\src\main\java\org\jfree\chart\entity\AxisEntity.java, main.java, AxisEntity
jfreechart-master\jfreechart-master\src\main\java\org\jfree\chart\entity\CategoryItemEntity.java, main.java, CategoryItemEntity
jfreechart-master\jfreechart-master\src\main\java\org\jfree\chart\entity\CategoryLabelEntity.java, main.java, CategoryLabelEntity
jfreechart-master\jfreechart-master\src\main\java\org\jfree\chart\entity\ChartEntity.java, main.java, ChartEntity
jfreechart-master\jfreechart-master\src\main\java\org\jfree\chart\entity\EntityCollection.java, main.java, EntityCollection
jfreechart-master\jfreechart-master\src\main\java\org\jfree\chart\entity\FlowEntity.java, main.java, FlowEntity
jfreechart-master\jfreechart-master\src\main\java\org\jfree\chart\entity\JFreeChartEntity.java, main.java, JFreeChartEntity
jfreechart-master\jfreechart-master\src\main\java\org\jfree\chart\entity\LegendItemEntity.java, main.java, LegendItemEntity
jfreechart-master\jfreechart-master\src\main\java\org\jfree\chart\entity\NodeEntity.java, main.java, NodeEntity
jfreechart-master\jfreechart-master\src\main\java\org\jfree\chart\entity\package-info.java, main.java, package-info
jfreechart-master\jfreechart-master\src\main\java\org\jfree\chart\entity\PieSectionEntity.java, main.java, PieSectionEntity
jfreechart-master\jfreechart-master\src\main\java\org\jfree\chart\entity\PlotEntity.java, main.java, PlotEntity
jfreechart-master\jfreechart-master\src\main\java\org\jfree\chart\entity\StandardEntityCollection.java, main.java, StandardEntityCollection
jfreechart-master\jfreechart-master\src\main\java\org\jfree\chart\entity\TickLabelEntity.java, main.java, TickLabelEntity
jfreechart-master\jfreechart-master\src\main\java\org\jfree\chart\entity\TitleEntity.java, main.java, TitleEntity
jfreechart-master\jfreechart-master\src\main\java\org\jfree\chart\entity\XYAnnotationEntity.java, main.java, XYAnnotationEntity
jfreechart-master\jfreechart-master\src\main\java\org\jfree\chart\entity\XYItemEntity.java, main.java, XYItemEntity
jfreechart-master\jfreechart-master\src\main\java\org\jfree\chart\event\AnnotationChangeEvent.java, main.java, AnnotationChangeEvent
jfreechart-master\jfreechart-master\src\main\java\org\jfree\chart\event\AnnotationChangeListener.java, main.java, AnnotationChangeListener
jfreechart-master\jfreechart-master\src\main\java\org\jfree\chart\event\AxisChangeEvent.java, main.java, AxisChangeEvent
jfreechart-master\jfreechart-master\src\main\java\org\jfree\chart\event\AxisChangeListener.java, main.java, AxisChangeListener
jfreechart-master\jfreechart-master\src\main\java\org\jfree\chart\event\ChartChangeEvent.java, main.java, ChartChangeEvent
jfreechart-master\jfreechart-master\src\main\java\org\jfree\chart\event\ChartChangeEventType.java, main.java, ChartChangeEventType
jfreechart-master\jfreechart-master\src\main\java\org\jfree\chart\event\ChartChangeListener.java, main.java, ChartChangeListener
jfreechart-master\jfreechart-master\src\main\java\org\jfree\chart\event\ChartProgressEvent.java, main.java, ChartProgressEvent
jfreechart-master\jfreechart-master\src\main\java\org\jfree\chart\event\ChartProgressEventType.java, main.java, ChartProgressEventType
jfreechart-master\jfreechart-master\src\main\java\org\jfree\chart\event\ChartProgressListener.java, main.java, ChartProgressListener
jfreechart-master\jfreechart-master\src\main\java\org\jfree\chart\event\MarkerChangeEvent.java, main.java, MarkerChangeEvent
jfreechart-master\jfreechart-master\src\main\java\org\jfree\chart\event\MarkerChangeListener.java, main.java, MarkerChangeListener
jfreechart-master\jfreechart-master\src\main\java\org\jfree\chart\event\package-info.java, main.java, package-info
jfreechart-master\jfreechart-master\src\main\java\org\jfree\chart\event\PlotChangeEvent.java, main.java, PlotChangeEvent
jfreechart-master\jfreechart-master\src\main\java\org\jfree\chart\event\PlotChangeListener.java, main.java, PlotChangeListener
jfreechart-master\jfreechart-master\src\main\java\org\jfree\chart\event\RendererChangeEvent.java, main.java, RendererChangeEvent
jfreechart-master\jfreechart-master\src\main\java\org\jfree\chart\event\RendererChangeListener.java, main.java, RendererChangeListener
jfreechart-master\jfreechart-master\src\main\java\org\jfree\chart\event\TitleChangeEvent.java, main.java, TitleChangeEvent
jfreechart-master\jfreechart-master\src\main\java\org\jfree\chart\event\TitleChangeListener.java, main.java, TitleChangeListener
jfreechart-master\jfreechart-master\src\main\java\org\jfree\chart\imagemap\DynamicDriveToolTipTagFragmentGenerator.java, main.java, DynamicDriveToolTipTagFragmentGenerator
jfreechart-master\jfreechart-master\src\main\java\org\jfree\chart\imagemap\ImageMapUtils.java, main.java, ImageMapUtils
jfreechart-master\jfreechart-master\src\main\java\org\jfree\chart\imagemap\OverLIBToolTipTagFragmentGenerator.java, main.java, OverLIBToolTipTagFragmentGenerator
jfreechart-master\jfreechart-master\src\main\java\org\jfree\chart\imagemap\package-info.java, main.java, package-info
jfreechart-master\jfreechart-master\src\main\java\org\jfree\chart\imagemap\StandardToolTipTagFragmentGenerator.java, main.java, StandardToolTipTagFragmentGenerator
jfreechart-master\jfreechart-master\src\main\java\org\jfree\chart\imagemap\StandardURLTagFragmentGenerator.java, main.java, StandardURLTagFragmentGenerator
jfreechart-master\jfreechart-master\src\main\java\org\jfree\chart\imagemap\ToolTipTagFragmentGenerator.java, main.java, ToolTipTagFragmentGenerator
jfreechart-master\jfreechart-master\src\main\java\org\jfree\chart\imagemap\URLTagFragmentGenerator.java, main.java, URLTagFragmentGenerator
jfreechart-master\jfreechart-master\src\main\java\org\jfree\chart\internal\Args.java, main.java, Args
jfreechart-master\jfreechart-master\src\main\java\org\jfree\chart\internal\ArrayUtils.java, main.java, ArrayUtils
jfreechart-master\jfreechart-master\src\main\java\org\jfree\chart\internal\CloneUtils.java, main.java, CloneUtils
jfreechart-master\jfreechart-master\src\main\java\org\jfree\chart\internal\HashUtils.java, main.java, HashUtils
jfreechart-master\jfreechart-master\src\main\java\org\jfree\chart\internal\LineUtils.java, main.java, LineUtils
jfreechart-master\jfreechart-master\src\main\java\org\jfree\chart\internal\package-info.java, main.java, package-info
jfreechart-master\jfreechart-master\src\main\java\org\jfree\chart\internal\PaintUtils.java, main.java, PaintUtils
jfreechart-master\jfreechart-master\src\main\java\org\jfree\chart\internal\SerialUtils.java, main.java, SerialUtils
jfreechart-master\jfreechart-master\src\main\java\org\jfree\chart\internal\ShapeUtils.java, main.java, ShapeUtils
jfreechart-master\jfreechart-master\src\main\java\org\jfree\chart\JFreeChart.java, main.java, JFreeChart
jfreechart-master\jfreechart-master\src\main\java\org\jfree\chart\labels\AbstractCategoryItemLabelGenerator.java, main.java, AbstractCategoryItemLabelGenerator
jfreechart-master\jfreechart-master\src\main\java\org\jfree\chart\labels\AbstractPieItemLabelGenerator.java, main.java, AbstractPieItemLabelGenerator
jfreechart-master\jfreechart-master\src\main\java\org\jfree\chart\labels\AbstractXYItemLabelGenerator.java, main.java, AbstractXYItemLabelGenerator
jfreechart-master\jfreechart-master\src\main\java\org\jfree\chart\labels\BoxAndWhiskerToolTipGenerator.java, main.java, BoxAndWhiskerToolTipGenerator
jfreechart-master\jfreechart-master\src\main\java\org\jfree\chart\labels\BoxAndWhiskerXYToolTipGenerator.java, main.java, BoxAndWhiskerXYToolTipGenerator
jfreechart-master\jfreechart-master\src\main\java\org\jfree\chart\labels\BubbleXYItemLabelGenerator.java, main.java, BubbleXYItemLabelGenerator
jfreechart-master\jfreechart-master\src\main\java\org\jfree\chart\labels\CategoryItemLabelGenerator.java, main.java, CategoryItemLabelGenerator
jfreechart-master\jfreechart-master\src\main\java\org\jfree\chart\labels\CategorySeriesLabelGenerator.java, main.java, CategorySeriesLabelGenerator
jfreechart-master\jfreechart-master\src\main\java\org\jfree\chart\labels\CategoryToolTipGenerator.java, main.java, CategoryToolTipGenerator
jfreechart-master\jfreechart-master\src\main\java\org\jfree\chart\labels\CrosshairLabelGenerator.java, main.java, CrosshairLabelGenerator
jfreechart-master\jfreechart-master\src\main\java\org\jfree\chart\labels\CustomXYToolTipGenerator.java, main.java, CustomXYToolTipGenerator
jfreechart-master\jfreechart-master\src\main\java\org\jfree\chart\labels\FlowLabelGenerator.java, main.java, FlowLabelGenerator
jfreechart-master\jfreechart-master\src\main\java\org\jfree\chart\labels\HighLowItemLabelGenerator.java, main.java, HighLowItemLabelGenerator
jfreechart-master\jfreechart-master\src\main\java\org\jfree\chart\labels\IntervalCategoryItemLabelGenerator.java, main.java, IntervalCategoryItemLabelGenerator
jfreechart-master\jfreechart-master\src\main\java\org\jfree\chart\labels\IntervalCategoryToolTipGenerator.java, main.java, IntervalCategoryToolTipGenerator
jfreechart-master\jfreechart-master\src\main\java\org\jfree\chart\labels\IntervalXYItemLabelGenerator.java, main.java, IntervalXYItemLabelGenerator
jfreechart-master\jfreechart-master\src\main\java\org\jfree\chart\labels\IntervalXYToolTipGenerator.java, main.java, IntervalXYToolTipGenerator
jfreechart-master\jfreechart-master\src\main\java\org\jfree\chart\labels\ItemLabelAnchor.java, main.java, ItemLabelAnchor
jfreechart-master\jfreechart-master\src\main\java\org\jfree\chart\labels\ItemLabelPosition.java, main.java, ItemLabelPosition
jfreechart-master\jfreechart-master\src\main\java\org\jfree\chart\labels\MultipleXYSeriesLabelGenerator.java, main.java, MultipleXYSeriesLabelGenerator
jfreechart-master\jfreechart-master\src\main\java\org\jfree\chart\labels\package-info.java, main.java, package-info
jfreechart-master\jfreechart-master\src\main\java\org\jfree\chart\labels\PieSectionLabelGenerator.java, main.java, PieSectionLabelGenerator
jfreechart-master\jfreechart-master\src\main\java\org\jfree\chart\labels\PieToolTipGenerator.java, main.java, PieToolTipGenerator
jfreechart-master\jfreechart-master\src\main\java\org\jfree\chart\labels\StandardCategoryItemLabelGenerator.java, main.java, StandardCategoryItemLabelGenerator
jfreechart-master\jfreechart-master\src\main\java\org\jfree\chart\labels\StandardCategorySeriesLabelGenerator.java, main.java, StandardCategorySeriesLabelGenerator
jfreechart-master\jfreechart-master\src\main\java\org\jfree\chart\labels\StandardCategoryToolTipGenerator.java, main.java, StandardCategoryToolTipGenerator
jfreechart-master\jfreechart-master\src\main\java\org\jfree\chart\labels\StandardCrosshairLabelGenerator.java, main.java, StandardCrosshairLabelGenerator
jfreechart-master\jfreechart-master\src\main\java\org\jfree\chart\labels\StandardFlowLabelGenerator.java, main.java, StandardFlowLabelGenerator
jfreechart-master\jfreechart-master\src\main\java\org\jfree\chart\labels\StandardPieSectionLabelGenerator.java, main.java, StandardPieSectionLabelGenerator
jfreechart-master\jfreechart-master\src\main\java\org\jfree\chart\labels\StandardPieToolTipGenerator.java, main.java, StandardPieToolTipGenerator
jfreechart-master\jfreechart-master\src\main\java\org\jfree\chart\labels\StandardXYItemLabelGenerator.java, main.java, StandardXYItemLabelGenerator
jfreechart-master\jfreechart-master\src\main\java\org\jfree\chart\labels\StandardXYSeriesLabelGenerator.java, main.java, StandardXYSeriesLabelGenerator
jfreechart-master\jfreechart-master\src\main\java\org\jfree\chart\labels\StandardXYToolTipGenerator.java, main.java, StandardXYToolTipGenerator
jfreechart-master\jfreechart-master\src\main\java\org\jfree\chart\labels\StandardXYZToolTipGenerator.java, main.java, StandardXYZToolTipGenerator
jfreechart-master\jfreechart-master\src\main\java\org\jfree\chart\labels\SymbolicXYItemLabelGenerator.java, main.java, SymbolicXYItemLabelGenerator
jfreechart-master\jfreechart-master\src\main\java\org\jfree\chart\labels\XYItemLabelGenerator.java, main.java, XYItemLabelGenerator
jfreechart-master\jfreechart-master\src\main\java\org\jfree\chart\labels\XYSeriesLabelGenerator.java, main.java, XYSeriesLabelGenerator
jfreechart-master\jfreechart-master\src\main\java\org\jfree\chart\labels\XYToolTipGenerator.java, main.java, XYToolTipGenerator
jfreechart-master\jfreechart-master\src\main\java\org\jfree\chart\labels\XYZToolTipGenerator.java, main.java, XYZToolTipGenerator
jfreechart-master\jfreechart-master\src\main\java\org\jfree\chart\legend\LegendGraphic.java, main.java, LegendGraphic
jfreechart-master\jfreechart-master\src\main\java\org\jfree\chart\legend\LegendItem.java, main.java, LegendItem
jfreechart-master\jfreechart-master\src\main\java\org\jfree\chart\legend\LegendItemBlockContainer.java, main.java, LegendItemBlockContainer
jfreechart-master\jfreechart-master\src\main\java\org\jfree\chart\legend\LegendItemCollection.java, main.java, LegendItemCollection
jfreechart-master\jfreechart-master\src\main\java\org\jfree\chart\legend\LegendItemSource.java, main.java, LegendItemSource
jfreechart-master\jfreechart-master\src\main\java\org\jfree\chart\legend\LegendRenderingOrder.java, main.java, LegendRenderingOrder
jfreechart-master\jfreechart-master\src\main\java\org\jfree\chart\legend\LegendTitle.java, main.java, LegendTitle
jfreechart-master\jfreechart-master\src\main\java\org\jfree\chart\legend\package-info.java, main.java, package-info
jfreechart-master\jfreechart-master\src\main\java\org\jfree\chart\legend\PaintScaleLegend.java, main.java, PaintScaleLegend
jfreechart-master\jfreechart-master\src\main\java\org\jfree\chart\package-info.java, main.java, package-info
jfreechart-master\jfreechart-master\src\main\java\org\jfree\chart\plot\CategoryCrosshairState.java, main.java, CategoryCrosshairState
jfreechart-master\jfreechart-master\src\main\java\org\jfree\chart\plot\CategoryMarker.java, main.java, CategoryMarker
jfreechart-master\jfreechart-master\src\main\java\org\jfree\chart\plot\CategoryPlot.java, main.java, CategoryPlot
jfreechart-master\jfreechart-master\src\main\java\org\jfree\chart\plot\CenterTextMode.java, main.java, CenterTextMode
jfreechart-master\jfreechart-master\src\main\java\org\jfree\chart\plot\CombinedDomainCategoryPlot.java, main.java, CombinedDomainCategoryPlot
jfreechart-master\jfreechart-master\src\main\java\org\jfree\chart\plot\CombinedDomainXYPlot.java, main.java, CombinedDomainXYPlot
jfreechart-master\jfreechart-master\src\main\java\org\jfree\chart\plot\CombinedRangeCategoryPlot.java, main.java, CombinedRangeCategoryPlot
jfreechart-master\jfreechart-master\src\main\java\org\jfree\chart\plot\CombinedRangeXYPlot.java, main.java, CombinedRangeXYPlot
jfreechart-master\jfreechart-master\src\main\java\org\jfree\chart\plot\compass\ArrowNeedle.java, main.java, ArrowNeedle
jfreechart-master\jfreechart-master\src\main\java\org\jfree\chart\plot\compass\CompassPlot.java, main.java, CompassPlot
jfreechart-master\jfreechart-master\src\main\java\org\jfree\chart\plot\compass\LineNeedle.java, main.java, LineNeedle
jfreechart-master\jfreechart-master\src\main\java\org\jfree\chart\plot\compass\LongNeedle.java, main.java, LongNeedle
jfreechart-master\jfreechart-master\src\main\java\org\jfree\chart\plot\compass\MeterNeedle.java, main.java, MeterNeedle
jfreechart-master\jfreechart-master\src\main\java\org\jfree\chart\plot\compass\MiddlePinNeedle.java, main.java, MiddlePinNeedle
jfreechart-master\jfreechart-master\src\main\java\org\jfree\chart\plot\compass\package-info.java, main.java, package-info
jfreechart-master\jfreechart-master\src\main\java\org\jfree\chart\plot\compass\PinNeedle.java, main.java, PinNeedle
jfreechart-master\jfreechart-master\src\main\java\org\jfree\chart\plot\compass\PlumNeedle.java, main.java, PlumNeedle
jfreechart-master\jfreechart-master\src\main\java\org\jfree\chart\plot\compass\PointerNeedle.java, main.java, PointerNeedle
jfreechart-master\jfreechart-master\src\main\java\org\jfree\chart\plot\compass\ShipNeedle.java, main.java, ShipNeedle
jfreechart-master\jfreechart-master\src\main\java\org\jfree\chart\plot\compass\WindNeedle.java, main.java, WindNeedle
jfreechart-master\jfreechart-master\src\main\java\org\jfree\chart\plot\Crosshair.java, main.java, Crosshair
jfreechart-master\jfreechart-master\src\main\java\org\jfree\chart\plot\CrosshairState.java, main.java, CrosshairState
jfreechart-master\jfreechart-master\src\main\java\org\jfree\chart\plot\DatasetRenderingOrder.java, main.java, DatasetRenderingOrder
jfreechart-master\jfreechart-master\src\main\java\org\jfree\chart\plot\DefaultDrawingSupplier.java, main.java, DefaultDrawingSupplier
jfreechart-master\jfreechart-master\src\main\java\org\jfree\chart\plot\dial\AbstractDialLayer.java, main.java, AbstractDialLayer
jfreechart-master\jfreechart-master\src\main\java\org\jfree\chart\plot\dial\ArcDialFrame.java, main.java, ArcDialFrame
jfreechart-master\jfreechart-master\src\main\java\org\jfree\chart\plot\dial\DialBackground.java, main.java, DialBackground
jfreechart-master\jfreechart-master\src\main\java\org\jfree\chart\plot\dial\DialCap.java, main.java, DialCap
jfreechart-master\jfreechart-master\src\main\java\org\jfree\chart\plot\dial\DialFrame.java, main.java, DialFrame
jfreechart-master\jfreechart-master\src\main\java\org\jfree\chart\plot\dial\DialLayer.java, main.java, DialLayer
jfreechart-master\jfreechart-master\src\main\java\org\jfree\chart\plot\dial\DialLayerChangeEvent.java, main.java, DialLayerChangeEvent
jfreechart-master\jfreechart-master\src\main\java\org\jfree\chart\plot\dial\DialLayerChangeListener.java, main.java, DialLayerChangeListener
jfreechart-master\jfreechart-master\src\main\java\org\jfree\chart\plot\dial\DialPlot.java, main.java, DialPlot
jfreechart-master\jfreechart-master\src\main\java\org\jfree\chart\plot\dial\DialPointer.java, main.java, DialPointer
jfreechart-master\jfreechart-master\src\main\java\org\jfree\chart\plot\dial\DialScale.java, main.java, DialScale
jfreechart-master\jfreechart-master\src\main\java\org\jfree\chart\plot\dial\DialTextAnnotation.java, main.java, DialTextAnnotation
jfreechart-master\jfreechart-master\src\main\java\org\jfree\chart\plot\dial\DialValueIndicator.java, main.java, DialValueIndicator
jfreechart-master\jfreechart-master\src\main\java\org\jfree\chart\plot\dial\package-info.java, main.java, package-info
jfreechart-master\jfreechart-master\src\main\java\org\jfree\chart\plot\dial\StandardDialFrame.java, main.java, StandardDialFrame
jfreechart-master\jfreechart-master\src\main\java\org\jfree\chart\plot\dial\StandardDialRange.java, main.java, StandardDialRange
jfreechart-master\jfreechart-master\src\main\java\org\jfree\chart\plot\dial\StandardDialScale.java, main.java, StandardDialScale
jfreechart-master\jfreechart-master\src\main\java\org\jfree\chart\plot\DialShape.java, main.java, DialShape
jfreechart-master\jfreechart-master\src\main\java\org\jfree\chart\plot\DrawingSupplier.java, main.java, DrawingSupplier
jfreechart-master\jfreechart-master\src\main\java\org\jfree\chart\plot\FastScatterPlot.java, main.java, FastScatterPlot
jfreechart-master\jfreechart-master\src\main\java\org\jfree\chart\plot\flow\FlowPlot.java, main.java, FlowPlot
jfreechart-master\jfreechart-master\src\main\java\org\jfree\chart\plot\flow\package-info.java, main.java, package-info
jfreechart-master\jfreechart-master\src\main\java\org\jfree\chart\plot\IntervalMarker.java, main.java, IntervalMarker
jfreechart-master\jfreechart-master\src\main\java\org\jfree\chart\plot\Marker.java, main.java, Marker
jfreechart-master\jfreechart-master\src\main\java\org\jfree\chart\plot\MeterInterval.java, main.java, MeterInterval
jfreechart-master\jfreechart-master\src\main\java\org\jfree\chart\plot\MeterPlot.java, main.java, MeterPlot
jfreechart-master\jfreechart-master\src\main\java\org\jfree\chart\plot\package-info.java, main.java, package-info
jfreechart-master\jfreechart-master\src\main\java\org\jfree\chart\plot\Pannable.java, main.java, Pannable
jfreechart-master\jfreechart-master\src\main\java\org\jfree\chart\plot\pie\AbstractPieLabelDistributor.java, main.java, AbstractPieLabelDistributor
jfreechart-master\jfreechart-master\src\main\java\org\jfree\chart\plot\pie\MultiplePiePlot.java, main.java, MultiplePiePlot
jfreechart-master\jfreechart-master\src\main\java\org\jfree\chart\plot\pie\package-info.java, main.java, package-info
jfreechart-master\jfreechart-master\src\main\java\org\jfree\chart\plot\pie\PieLabelDistributor.java, main.java, PieLabelDistributor
jfreechart-master\jfreechart-master\src\main\java\org\jfree\chart\plot\pie\PieLabelLinkStyle.java, main.java, PieLabelLinkStyle
jfreechart-master\jfreechart-master\src\main\java\org\jfree\chart\plot\pie\PieLabelRecord.java, main.java, PieLabelRecord
jfreechart-master\jfreechart-master\src\main\java\org\jfree\chart\plot\pie\PiePlot.java, main.java, PiePlot
jfreechart-master\jfreechart-master\src\main\java\org\jfree\chart\plot\pie\PiePlotState.java, main.java, PiePlotState
jfreechart-master\jfreechart-master\src\main\java\org\jfree\chart\plot\Plot.java, main.java, Plot
jfreechart-master\jfreechart-master\src\main\java\org\jfree\chart\plot\PlotOrientation.java, main.java, PlotOrientation
jfreechart-master\jfreechart-master\src\main\java\org\jfree\chart\plot\PlotRenderingInfo.java, main.java, PlotRenderingInfo
jfreechart-master\jfreechart-master\src\main\java\org\jfree\chart\plot\PlotState.java, main.java, PlotState
jfreechart-master\jfreechart-master\src\main\java\org\jfree\chart\plot\PolarAxisLocation.java, main.java, PolarAxisLocation
jfreechart-master\jfreechart-master\src\main\java\org\jfree\chart\plot\PolarPlot.java, main.java, PolarPlot
jfreechart-master\jfreechart-master\src\main\java\org\jfree\chart\plot\RingPlot.java, main.java, RingPlot
jfreechart-master\jfreechart-master\src\main\java\org\jfree\chart\plot\SeriesRenderingOrder.java, main.java, SeriesRenderingOrder
jfreechart-master\jfreechart-master\src\main\java\org\jfree\chart\plot\SpiderWebPlot.java, main.java, SpiderWebPlot
jfreechart-master\jfreechart-master\src\main\java\org\jfree\chart\plot\ThermometerPlot.java, main.java, ThermometerPlot
jfreechart-master\jfreechart-master\src\main\java\org\jfree\chart\plot\ValueAxisPlot.java, main.java, ValueAxisPlot
jfreechart-master\jfreechart-master\src\main\java\org\jfree\chart\plot\ValueMarker.java, main.java, ValueMarker
jfreechart-master\jfreechart-master\src\main\java\org\jfree\chart\plot\WaferMapPlot.java, main.java, WaferMapPlot
jfreechart-master\jfreechart-master\src\main\java\org\jfree\chart\plot\XYCrosshairState.java, main.java, XYCrosshairState
jfreechart-master\jfreechart-master\src\main\java\org\jfree\chart\plot\XYPlot.java, main.java, XYPlot
jfreechart-master\jfreechart-master\src\main\java\org\jfree\chart\plot\Zoomable.java, main.java, Zoomable
jfreechart-master\jfreechart-master\src\main\java\org\jfree\chart\renderer\AbstractRenderer.java, main.java, AbstractRenderer
jfreechart-master\jfreechart-master\src\main\java\org\jfree\chart\renderer\AreaRendererEndType.java, main.java, AreaRendererEndType
jfreechart-master\jfreechart-master\src\main\java\org\jfree\chart\renderer\category\AbstractCategoryItemRenderer.java, main.java, AbstractCategoryItemRenderer
jfreechart-master\jfreechart-master\src\main\java\org\jfree\chart\renderer\category\AreaRenderer.java, main.java, AreaRenderer
jfreechart-master\jfreechart-master\src\main\java\org\jfree\chart\renderer\category\BarPainter.java, main.java, BarPainter
jfreechart-master\jfreechart-master\src\main\java\org\jfree\chart\renderer\category\BarRenderer.java, main.java, BarRenderer
jfreechart-master\jfreechart-master\src\main\java\org\jfree\chart\renderer\category\BoxAndWhiskerRenderer.java, main.java, BoxAndWhiskerRenderer
jfreechart-master\jfreechart-master\src\main\java\org\jfree\chart\renderer\category\CategoryItemRenderer.java, main.java, CategoryItemRenderer
jfreechart-master\jfreechart-master\src\main\java\org\jfree\chart\renderer\category\CategoryItemRendererState.java, main.java, CategoryItemRendererState
jfreechart-master\jfreechart-master\src\main\java\org\jfree\chart\renderer\category\CategoryStepRenderer.java, main.java, CategoryStepRenderer
jfreechart-master\jfreechart-master\src\main\java\org\jfree\chart\renderer\category\DefaultCategoryItemRenderer.java, main.java, DefaultCategoryItemRenderer
jfreechart-master\jfreechart-master\src\main\java\org\jfree\chart\renderer\category\GanttRenderer.java, main.java, GanttRenderer
jfreechart-master\jfreechart-master\src\main\java\org\jfree\chart\renderer\category\GradientBarPainter.java, main.java, GradientBarPainter
jfreechart-master\jfreechart-master\src\main\java\org\jfree\chart\renderer\category\GroupedStackedBarRenderer.java, main.java, GroupedStackedBarRenderer
jfreechart-master\jfreechart-master\src\main\java\org\jfree\chart\renderer\category\IntervalBarRenderer.java, main.java, IntervalBarRenderer
jfreechart-master\jfreechart-master\src\main\java\org\jfree\chart\renderer\category\LayeredBarRenderer.java, main.java, LayeredBarRenderer
jfreechart-master\jfreechart-master\src\main\java\org\jfree\chart\renderer\category\LevelRenderer.java, main.java, LevelRenderer
jfreechart-master\jfreechart-master\src\main\java\org\jfree\chart\renderer\category\LineAndShapeRenderer.java, main.java, LineAndShapeRenderer
jfreechart-master\jfreechart-master\src\main\java\org\jfree\chart\renderer\category\MinMaxCategoryRenderer.java, main.java, MinMaxCategoryRenderer
jfreechart-master\jfreechart-master\src\main\java\org\jfree\chart\renderer\category\package-info.java, main.java, package-info
jfreechart-master\jfreechart-master\src\main\java\org\jfree\chart\renderer\category\ScatterRenderer.java, main.java, ScatterRenderer
jfreechart-master\jfreechart-master\src\main\java\org\jfree\chart\renderer\category\StackedAreaRenderer.java, main.java, StackedAreaRenderer
jfreechart-master\jfreechart-master\src\main\java\org\jfree\chart\renderer\category\StackedBarRenderer.java, main.java, StackedBarRenderer
jfreechart-master\jfreechart-master\src\main\java\org\jfree\chart\renderer\category\StandardBarPainter.java, main.java, StandardBarPainter
jfreechart-master\jfreechart-master\src\main\java\org\jfree\chart\renderer\category\StatisticalBarRenderer.java, main.java, StatisticalBarRenderer
jfreechart-master\jfreechart-master\src\main\java\org\jfree\chart\renderer\category\StatisticalLineAndShapeRenderer.java, main.java, StatisticalLineAndShapeRenderer
jfreechart-master\jfreechart-master\src\main\java\org\jfree\chart\renderer\category\WaterfallBarRenderer.java, main.java, WaterfallBarRenderer
jfreechart-master\jfreechart-master\src\main\java\org\jfree\chart\renderer\DefaultPolarItemRenderer.java, main.java, DefaultPolarItemRenderer
jfreechart-master\jfreechart-master\src\main\java\org\jfree\chart\renderer\GrayPaintScale.java, main.java, GrayPaintScale
jfreechart-master\jfreechart-master\src\main\java\org\jfree\chart\renderer\LookupPaintScale.java, main.java, LookupPaintScale
jfreechart-master\jfreechart-master\src\main\java\org\jfree\chart\renderer\NotOutlierException.java, main.java, NotOutlierException
jfreechart-master\jfreechart-master\src\main\java\org\jfree\chart\renderer\Outlier.java, main.java, Outlier
jfreechart-master\jfreechart-master\src\main\java\org\jfree\chart\renderer\OutlierList.java, main.java, OutlierList
jfreechart-master\jfreechart-master\src\main\java\org\jfree\chart\renderer\OutlierListCollection.java, main.java, OutlierListCollection
jfreechart-master\jfreechart-master\src\main\java\org\jfree\chart\renderer\package-info.java, main.java, package-info
jfreechart-master\jfreechart-master\src\main\java\org\jfree\chart\renderer\PaintScale.java, main.java, PaintScale
jfreechart-master\jfreechart-master\src\main\java\org\jfree\chart\renderer\PolarItemRenderer.java, main.java, PolarItemRenderer
jfreechart-master\jfreechart-master\src\main\java\org\jfree\chart\renderer\RendererState.java, main.java, RendererState
jfreechart-master\jfreechart-master\src\main\java\org\jfree\chart\renderer\RendererUtils.java, main.java, RendererUtils
jfreechart-master\jfreechart-master\src\main\java\org\jfree\chart\renderer\WaferMapRenderer.java, main.java, WaferMapRenderer
jfreechart-master\jfreechart-master\src\main\java\org\jfree\chart\renderer\xy\AbstractXYItemRenderer.java, main.java, AbstractXYItemRenderer
jfreechart-master\jfreechart-master\src\main\java\org\jfree\chart\renderer\xy\CandlestickRenderer.java, main.java, CandlestickRenderer
jfreechart-master\jfreechart-master\src\main\java\org\jfree\chart\renderer\xy\ClusteredXYBarRenderer.java, main.java, ClusteredXYBarRenderer
jfreechart-master\jfreechart-master\src\main\java\org\jfree\chart\renderer\xy\CyclicXYItemRenderer.java, main.java, CyclicXYItemRenderer
jfreechart-master\jfreechart-master\src\main\java\org\jfree\chart\renderer\xy\DefaultXYItemRenderer.java, main.java, DefaultXYItemRenderer
jfreechart-master\jfreechart-master\src\main\java\org\jfree\chart\renderer\xy\DeviationRenderer.java, main.java, DeviationRenderer
jfreechart-master\jfreechart-master\src\main\java\org\jfree\chart\renderer\xy\DeviationStepRenderer.java, main.java, DeviationStepRenderer
jfreechart-master\jfreechart-master\src\main\java\org\jfree\chart\renderer\xy\GradientXYBarPainter.java, main.java, GradientXYBarPainter
jfreechart-master\jfreechart-master\src\main\java\org\jfree\chart\renderer\xy\HighLowRenderer.java, main.java, HighLowRenderer
jfreechart-master\jfreechart-master\src\main\java\org\jfree\chart\renderer\xy\package-info.java, main.java, package-info
jfreechart-master\jfreechart-master\src\main\java\org\jfree\chart\renderer\xy\package.html, main.java, package.html
jfreechart-master\jfreechart-master\src\main\java\org\jfree\chart\renderer\xy\SamplingXYLineRenderer.java, main.java, SamplingXYLineRenderer
jfreechart-master\jfreechart-master\src\main\java\org\jfree\chart\renderer\xy\StackedXYAreaRenderer.java, main.java, StackedXYAreaRenderer
jfreechart-master\jfreechart-master\src\main\java\org\jfree\chart\renderer\xy\StackedXYAreaRenderer2.java, main.java, StackedXYAreaRenderer2
jfreechart-master\jfreechart-master\src\main\java\org\jfree\chart\renderer\xy\StackedXYBarRenderer.java, main.java, StackedXYBarRenderer
jfreechart-master\jfreechart-master\src\main\java\org\jfree\chart\renderer\xy\StandardXYBarPainter.java, main.java, StandardXYBarPainter
jfreechart-master\jfreechart-master\src\main\java\org\jfree\chart\renderer\xy\StandardXYItemRenderer.java, main.java, StandardXYItemRenderer
jfreechart-master\jfreechart-master\src\main\java\org\jfree\chart\renderer\xy\VectorRenderer.java, main.java, VectorRenderer
jfreechart-master\jfreechart-master\src\main\java\org\jfree\chart\renderer\xy\WindItemRenderer.java, main.java, WindItemRenderer
jfreechart-master\jfreechart-master\src\main\java\org\jfree\chart\renderer\xy\XYAreaRenderer.java, main.java, XYAreaRenderer
jfreechart-master\jfreechart-master\src\main\java\org\jfree\chart\renderer\xy\XYAreaRenderer2.java, main.java, XYAreaRenderer2
jfreechart-master\jfreechart-master\src\main\java\org\jfree\chart\renderer\xy\XYBarPainter.java, main.java, XYBarPainter
jfreechart-master\jfreechart-master\src\main\java\org\jfree\chart\renderer\xy\XYBarRenderer.java, main.java, XYBarRenderer
jfreechart-master\jfreechart-master\src\main\java\org\jfree\chart\renderer\xy\XYBlockRenderer.java, main.java, XYBlockRenderer
jfreechart-master\jfreechart-master\src\main\java\org\jfree\chart\renderer\xy\XYBoxAndWhiskerRenderer.java, main.java, XYBoxAndWhiskerRenderer
jfreechart-master\jfreechart-master\src\main\java\org\jfree\chart\renderer\xy\XYBubbleRenderer.java, main.java, XYBubbleRenderer
jfreechart-master\jfreechart-master\src\main\java\org\jfree\chart\renderer\xy\XYDifferenceRenderer.java, main.java, XYDifferenceRenderer
jfreechart-master\jfreechart-master\src\main\java\org\jfree\chart\renderer\xy\XYDotRenderer.java, main.java, XYDotRenderer
jfreechart-master\jfreechart-master\src\main\java\org\jfree\chart\renderer\xy\XYErrorRenderer.java, main.java, XYErrorRenderer
jfreechart-master\jfreechart-master\src\main\java\org\jfree\chart\renderer\xy\XYItemRenderer.java, main.java, XYItemRenderer
jfreechart-master\jfreechart-master\src\main\java\org\jfree\chart\renderer\xy\XYItemRendererState.java, main.java, XYItemRendererState
jfreechart-master\jfreechart-master\src\main\java\org\jfree\chart\renderer\xy\XYLineAndShapeRenderer.java, main.java, XYLineAndShapeRenderer
jfreechart-master\jfreechart-master\src\main\java\org\jfree\chart\renderer\xy\XYShapeRenderer.java, main.java, XYShapeRenderer
jfreechart-master\jfreechart-master\src\main\java\org\jfree\chart\renderer\xy\XYSplineRenderer.java, main.java, XYSplineRenderer
jfreechart-master\jfreechart-master\src\main\java\org\jfree\chart\renderer\xy\XYStepAreaRenderer.java, main.java, XYStepAreaRenderer
jfreechart-master\jfreechart-master\src\main\java\org\jfree\chart\renderer\xy\XYStepRenderer.java, main.java, XYStepRenderer
jfreechart-master\jfreechart-master\src\main\java\org\jfree\chart\renderer\xy\YIntervalRenderer.java, main.java, YIntervalRenderer
jfreechart-master\jfreechart-master\src\main\java\org\jfree\chart\StandardChartTheme.java, main.java, StandardChartTheme
jfreechart-master\jfreechart-master\src\main\java\org\jfree\chart\swing\AbstractOverlay.java, main.java, AbstractOverlay
jfreechart-master\jfreechart-master\src\main\java\org\jfree\chart\swing\ApplicationFrame.java, main.java, ApplicationFrame
jfreechart-master\jfreechart-master\src\main\java\org\jfree\chart\swing\ChartFrame.java, main.java, ChartFrame
jfreechart-master\jfreechart-master\src\main\java\org\jfree\chart\swing\ChartMouseEvent.java, main.java, ChartMouseEvent
jfreechart-master\jfreechart-master\src\main\java\org\jfree\chart\swing\ChartMouseListener.java, main.java, ChartMouseListener
jfreechart-master\jfreechart-master\src\main\java\org\jfree\chart\swing\ChartPanel.java, main.java, ChartPanel
jfreechart-master\jfreechart-master\src\main\java\org\jfree\chart\swing\CrosshairOverlay.java, main.java, CrosshairOverlay
jfreechart-master\jfreechart-master\src\main\java\org\jfree\chart\swing\DefaultSelectionZoomStrategy.java, main.java, DefaultSelectionZoomStrategy
jfreechart-master\jfreechart-master\src\main\java\org\jfree\chart\swing\editor\ChartEditor.java, main.java, ChartEditor
jfreechart-master\jfreechart-master\src\main\java\org\jfree\chart\swing\editor\ChartEditorFactory.java, main.java, ChartEditorFactory
jfreechart-master\jfreechart-master\src\main\java\org\jfree\chart\swing\editor\ChartEditorManager.java, main.java, ChartEditorManager
jfreechart-master\jfreechart-master\src\main\java\org\jfree\chart\swing\editor\DefaultAxisEditor.java, main.java, DefaultAxisEditor
jfreechart-master\jfreechart-master\src\main\java\org\jfree\chart\swing\editor\DefaultChartEditor.java, main.java, DefaultChartEditor
jfreechart-master\jfreechart-master\src\main\java\org\jfree\chart\swing\editor\DefaultChartEditorFactory.java, main.java, DefaultChartEditorFactory
jfreechart-master\jfreechart-master\src\main\java\org\jfree\chart\swing\editor\DefaultLogAxisEditor.java, main.java, DefaultLogAxisEditor
jfreechart-master\jfreechart-master\src\main\java\org\jfree\chart\swing\editor\DefaultNumberAxisEditor.java, main.java, DefaultNumberAxisEditor
jfreechart-master\jfreechart-master\src\main\java\org\jfree\chart\swing\editor\DefaultPlotEditor.java, main.java, DefaultPlotEditor
jfreechart-master\jfreechart-master\src\main\java\org\jfree\chart\swing\editor\DefaultPolarPlotEditor.java, main.java, DefaultPolarPlotEditor
jfreechart-master\jfreechart-master\src\main\java\org\jfree\chart\swing\editor\DefaultTitleEditor.java, main.java, DefaultTitleEditor
jfreechart-master\jfreechart-master\src\main\java\org\jfree\chart\swing\editor\DefaultValueAxisEditor.java, main.java, DefaultValueAxisEditor
jfreechart-master\jfreechart-master\src\main\java\org\jfree\chart\swing\editor\FontChooserPanel.java, main.java, FontChooserPanel
jfreechart-master\jfreechart-master\src\main\java\org\jfree\chart\swing\editor\FontDisplayField.java, main.java, FontDisplayField
jfreechart-master\jfreechart-master\src\main\java\org\jfree\chart\swing\editor\LCBLayout.java, main.java, LCBLayout
jfreechart-master\jfreechart-master\src\main\java\org\jfree\chart\swing\editor\package-info.java, main.java, package-info
jfreechart-master\jfreechart-master\src\main\java\org\jfree\chart\swing\editor\PaintSample.java, main.java, PaintSample
jfreechart-master\jfreechart-master\src\main\java\org\jfree\chart\swing\editor\StrokeChooserPanel.java, main.java, StrokeChooserPanel
jfreechart-master\jfreechart-master\src\main\java\org\jfree\chart\swing\editor\StrokeSample.java, main.java, StrokeSample
jfreechart-master\jfreechart-master\src\main\java\org\jfree\chart\swing\MouseWheelHandler.java, main.java, MouseWheelHandler
jfreechart-master\jfreechart-master\src\main\java\org\jfree\chart\swing\NumberCellRenderer.java, main.java, NumberCellRenderer
jfreechart-master\jfreechart-master\src\main\java\org\jfree\chart\swing\Overlay.java, main.java, Overlay
jfreechart-master\jfreechart-master\src\main\java\org\jfree\chart\swing\OverlayChangeEvent.java, main.java, OverlayChangeEvent
jfreechart-master\jfreechart-master\src\main\java\org\jfree\chart\swing\OverlayChangeListener.java, main.java, OverlayChangeListener
jfreechart-master\jfreechart-master\src\main\java\org\jfree\chart\swing\package-info.java, main.java, package-info
jfreechart-master\jfreechart-master\src\main\java\org\jfree\chart\swing\PolarChartPanel.java, main.java, PolarChartPanel
jfreechart-master\jfreechart-master\src\main\java\org\jfree\chart\swing\SelectionZoomStrategy.java, main.java, SelectionZoomStrategy
jfreechart-master\jfreechart-master\src\main\java\org\jfree\chart\swing\UIUtils.java, main.java, UIUtils
jfreechart-master\jfreechart-master\src\main\java\org\jfree\chart\text\AttributedStringUtils.java, main.java, AttributedStringUtils
jfreechart-master\jfreechart-master\src\main\java\org\jfree\chart\text\format\HexNumberFormat.java, main.java, HexNumberFormat
jfreechart-master\jfreechart-master\src\main\java\org\jfree\chart\text\format\HMSNumberFormat.java, main.java, HMSNumberFormat
jfreechart-master\jfreechart-master\src\main\java\org\jfree\chart\text\format\LogFormat.java, main.java, LogFormat
jfreechart-master\jfreechart-master\src\main\java\org\jfree\chart\text\format\package-info.java, main.java, package-info
jfreechart-master\jfreechart-master\src\main\java\org\jfree\chart\text\format\RelativeDateFormat.java, main.java, RelativeDateFormat
jfreechart-master\jfreechart-master\src\main\java\org\jfree\chart\text\G2TextMeasurer.java, main.java, G2TextMeasurer
jfreechart-master\jfreechart-master\src\main\java\org\jfree\chart\text\package-info.java, main.java, package-info
jfreechart-master\jfreechart-master\src\main\java\org\jfree\chart\text\TextAnchor.java, main.java, TextAnchor
jfreechart-master\jfreechart-master\src\main\java\org\jfree\chart\text\TextBlock.java, main.java, TextBlock
jfreechart-master\jfreechart-master\src\main\java\org\jfree\chart\text\TextBlockAnchor.java, main.java, TextBlockAnchor
jfreechart-master\jfreechart-master\src\main\java\org\jfree\chart\text\TextBox.java, main.java, TextBox
jfreechart-master\jfreechart-master\src\main\java\org\jfree\chart\text\TextFragment.java, main.java, TextFragment
jfreechart-master\jfreechart-master\src\main\java\org\jfree\chart\text\TextLine.java, main.java, TextLine
jfreechart-master\jfreechart-master\src\main\java\org\jfree\chart\text\TextMeasurer.java, main.java, TextMeasurer
jfreechart-master\jfreechart-master\src\main\java\org\jfree\chart\text\TextUtils.java, main.java, TextUtils
jfreechart-master\jfreechart-master\src\main\java\org\jfree\chart\title\CompositeTitle.java, main.java, CompositeTitle
jfreechart-master\jfreechart-master\src\main\java\org\jfree\chart\title\DateTitle.java, main.java, DateTitle
jfreechart-master\jfreechart-master\src\main\java\org\jfree\chart\title\ImageTitle.java, main.java, ImageTitle
jfreechart-master\jfreechart-master\src\main\java\org\jfree\chart\title\package-info.java, main.java, package-info
jfreechart-master\jfreechart-master\src\main\java\org\jfree\chart\title\ShortTextTitle.java, main.java, ShortTextTitle
jfreechart-master\jfreechart-master\src\main\java\org\jfree\chart\title\TextTitle.java, main.java, TextTitle
jfreechart-master\jfreechart-master\src\main\java\org\jfree\chart\title\Title.java, main.java, Title
jfreechart-master\jfreechart-master\src\main\java\org\jfree\chart\urls\CategoryURLGenerator.java, main.java, CategoryURLGenerator
jfreechart-master\jfreechart-master\src\main\java\org\jfree\chart\urls\CustomCategoryURLGenerator.java, main.java, CustomCategoryURLGenerator
jfreechart-master\jfreechart-master\src\main\java\org\jfree\chart\urls\CustomPieURLGenerator.java, main.java, CustomPieURLGenerator
jfreechart-master\jfreechart-master\src\main\java\org\jfree\chart\urls\CustomXYURLGenerator.java, main.java, CustomXYURLGenerator
jfreechart-master\jfreechart-master\src\main\java\org\jfree\chart\urls\package-info.java, main.java, package-info
jfreechart-master\jfreechart-master\src\main\java\org\jfree\chart\urls\PieURLGenerator.java, main.java, PieURLGenerator
jfreechart-master\jfreechart-master\src\main\java\org\jfree\chart\urls\StandardCategoryURLGenerator.java, main.java, StandardCategoryURLGenerator
jfreechart-master\jfreechart-master\src\main\java\org\jfree\chart\urls\StandardPieURLGenerator.java, main.java, StandardPieURLGenerator
jfreechart-master\jfreechart-master\src\main\java\org\jfree\chart\urls\StandardXYURLGenerator.java, main.java, StandardXYURLGenerator
jfreechart-master\jfreechart-master\src\main\java\org\jfree\chart\urls\StandardXYZURLGenerator.java, main.java, StandardXYZURLGenerator
jfreechart-master\jfreechart-master\src\main\java\org\jfree\chart\urls\TimeSeriesURLGenerator.java, main.java, TimeSeriesURLGenerator
jfreechart-master\jfreechart-master\src\main\java\org\jfree\chart\urls\XYURLGenerator.java, main.java, XYURLGenerator
jfreechart-master\jfreechart-master\src\main\java\org\jfree\chart\urls\XYZURLGenerator.java, main.java, XYZURLGenerator
jfreechart-master\jfreechart-master\src\main\java\org\jfree\chart\util\AttrStringUtils.java, main.java, AttrStringUtils
jfreechart-master\jfreechart-master\src\main\java\org\jfree\chart\util\DefaultShadowGenerator.java, main.java, DefaultShadowGenerator
jfreechart-master\jfreechart-master\src\main\java\org\jfree\chart\util\DirectionalGradientPaintTransformer.java, main.java, DirectionalGradientPaintTransformer
jfreechart-master\jfreechart-master\src\main\java\org\jfree\chart\util\ExportUtils.java, main.java, ExportUtils
jfreechart-master\jfreechart-master\src\main\java\org\jfree\chart\util\GradientPaintTransformer.java, main.java, GradientPaintTransformer
jfreechart-master\jfreechart-master\src\main\java\org\jfree\chart\util\GradientPaintTransformType.java, main.java, GradientPaintTransformType
jfreechart-master\jfreechart-master\src\main\java\org\jfree\chart\util\package-info.java, main.java, package-info
jfreechart-master\jfreechart-master\src\main\java\org\jfree\chart\util\PaintAlpha.java, main.java, PaintAlpha
jfreechart-master\jfreechart-master\src\main\java\org\jfree\chart\util\ShadowGenerator.java, main.java, ShadowGenerator
jfreechart-master\jfreechart-master\src\main\java\org\jfree\chart\util\StandardGradientPaintTransformer.java, main.java, StandardGradientPaintTransformer
jfreechart-master\jfreechart-master\src\main\java\org\jfree\chart\util\StringUtils.java, main.java, StringUtils
jfreechart-master\jfreechart-master\src\main\java\org\jfree\data\category\CategoryDataset.java, main.java, CategoryDataset
jfreechart-master\jfreechart-master\src\main\java\org\jfree\data\category\CategoryRangeInfo.java, main.java, CategoryRangeInfo
jfreechart-master\jfreechart-master\src\main\java\org\jfree\data\category\CategoryToPieDataset.java, main.java, CategoryToPieDataset
jfreechart-master\jfreechart-master\src\main\java\org\jfree\data\category\DefaultCategoryDataset.java, main.java, DefaultCategoryDataset
jfreechart-master\jfreechart-master\src\main\java\org\jfree\data\category\DefaultIntervalCategoryDataset.java, main.java, DefaultIntervalCategoryDataset
jfreechart-master\jfreechart-master\src\main\java\org\jfree\data\category\IntervalCategoryDataset.java, main.java, IntervalCategoryDataset
jfreechart-master\jfreechart-master\src\main\java\org\jfree\data\category\package.html, main.java, package.html
jfreechart-master\jfreechart-master\src\main\java\org\jfree\data\category\SlidingCategoryDataset.java, main.java, SlidingCategoryDataset
jfreechart-master\jfreechart-master\src\main\java\org\jfree\data\ComparableObjectItem.java, main.java, ComparableObjectItem
jfreechart-master\jfreechart-master\src\main\java\org\jfree\data\ComparableObjectSeries.java, main.java, ComparableObjectSeries
jfreechart-master\jfreechart-master\src\main\java\org\jfree\data\DataUtils.java, main.java, DataUtils
jfreechart-master\jfreechart-master\src\main\java\org\jfree\data\DefaultKeyedValue.java, main.java, DefaultKeyedValue
jfreechart-master\jfreechart-master\src\main\java\org\jfree\data\DefaultKeyedValues.java, main.java, DefaultKeyedValues
jfreechart-master\jfreechart-master\src\main\java\org\jfree\data\DefaultKeyedValues2D.java, main.java, DefaultKeyedValues2D
jfreechart-master\jfreechart-master\src\main\java\org\jfree\data\DomainInfo.java, main.java, DomainInfo
jfreechart-master\jfreechart-master\src\main\java\org\jfree\data\DomainOrder.java, main.java, DomainOrder
jfreechart-master\jfreechart-master\src\main\java\org\jfree\data\flow\DefaultFlowDataset.java, main.java, DefaultFlowDataset
jfreechart-master\jfreechart-master\src\main\java\org\jfree\data\flow\FlowDataset.java, main.java, FlowDataset
jfreechart-master\jfreechart-master\src\main\java\org\jfree\data\flow\FlowDatasetUtils.java, main.java, FlowDatasetUtils
jfreechart-master\jfreechart-master\src\main\java\org\jfree\data\flow\FlowKey.java, main.java, FlowKey
jfreechart-master\jfreechart-master\src\main\java\org\jfree\data\flow\NodeKey.java, main.java, NodeKey
jfreechart-master\jfreechart-master\src\main\java\org\jfree\data\flow\package-info.java, main.java, package-info
jfreechart-master\jfreechart-master\src\main\java\org\jfree\data\function\Function2D.java, main.java, Function2D
jfreechart-master\jfreechart-master\src\main\java\org\jfree\data\function\LineFunction2D.java, main.java, LineFunction2D
jfreechart-master\jfreechart-master\src\main\java\org\jfree\data\function\NormalDistributionFunction2D.java, main.java, NormalDistributionFunction2D
jfreechart-master\jfreechart-master\src\main\java\org\jfree\data\function\package.html, main.java, package.html
jfreechart-master\jfreechart-master\src\main\java\org\jfree\data\function\PolynomialFunction2D.java, main.java, PolynomialFunction2D
jfreechart-master\jfreechart-master\src\main\java\org\jfree\data\function\PowerFunction2D.java, main.java, PowerFunction2D
jfreechart-master\jfreechart-master\src\main\java\org\jfree\data\gantt\GanttCategoryDataset.java, main.java, GanttCategoryDataset
jfreechart-master\jfreechart-master\src\main\java\org\jfree\data\gantt\package.html, main.java, package.html
jfreechart-master\jfreechart-master\src\main\java\org\jfree\data\gantt\SlidingGanttCategoryDataset.java, main.java, SlidingGanttCategoryDataset
jfreechart-master\jfreechart-master\src\main\java\org\jfree\data\gantt\Task.java, main.java, Task
jfreechart-master\jfreechart-master\src\main\java\org\jfree\data\gantt\TaskSeries.java, main.java, TaskSeries
jfreechart-master\jfreechart-master\src\main\java\org\jfree\data\gantt\TaskSeriesCollection.java, main.java, TaskSeriesCollection
jfreechart-master\jfreechart-master\src\main\java\org\jfree\data\gantt\XYTaskDataset.java, main.java, XYTaskDataset
jfreechart-master\jfreechart-master\src\main\java\org\jfree\data\general\AbstractDataset.java, main.java, AbstractDataset
jfreechart-master\jfreechart-master\src\main\java\org\jfree\data\general\AbstractSeriesDataset.java, main.java, AbstractSeriesDataset
jfreechart-master\jfreechart-master\src\main\java\org\jfree\data\general\Dataset.java, main.java, Dataset
jfreechart-master\jfreechart-master\src\main\java\org\jfree\data\general\DatasetChangeEvent.java, main.java, DatasetChangeEvent
jfreechart-master\jfreechart-master\src\main\java\org\jfree\data\general\DatasetChangeListener.java, main.java, DatasetChangeListener
jfreechart-master\jfreechart-master\src\main\java\org\jfree\data\general\DatasetUtils.java, main.java, DatasetUtils
jfreechart-master\jfreechart-master\src\main\java\org\jfree\data\general\DefaultHeatMapDataset.java, main.java, DefaultHeatMapDataset
jfreechart-master\jfreechart-master\src\main\java\org\jfree\data\general\DefaultKeyedValueDataset.java, main.java, DefaultKeyedValueDataset
jfreechart-master\jfreechart-master\src\main\java\org\jfree\data\general\DefaultKeyedValues2DDataset.java, main.java, DefaultKeyedValues2DDataset
jfreechart-master\jfreechart-master\src\main\java\org\jfree\data\general\DefaultKeyedValuesDataset.java, main.java, DefaultKeyedValuesDataset
jfreechart-master\jfreechart-master\src\main\java\org\jfree\data\general\DefaultPieDataset.java, main.java, DefaultPieDataset
jfreechart-master\jfreechart-master\src\main\java\org\jfree\data\general\DefaultValueDataset.java, main.java, DefaultValueDataset
jfreechart-master\jfreechart-master\src\main\java\org\jfree\data\general\HeatMapDataset.java, main.java, HeatMapDataset
jfreechart-master\jfreechart-master\src\main\java\org\jfree\data\general\HeatMapUtils.java, main.java, HeatMapUtils
jfreechart-master\jfreechart-master\src\main\java\org\jfree\data\general\KeyedValueDataset.java, main.java, KeyedValueDataset
jfreechart-master\jfreechart-master\src\main\java\org\jfree\data\general\KeyedValues2DDataset.java, main.java, KeyedValues2DDataset
jfreechart-master\jfreechart-master\src\main\java\org\jfree\data\general\KeyedValuesDataset.java, main.java, KeyedValuesDataset
jfreechart-master\jfreechart-master\src\main\java\org\jfree\data\general\package.html, main.java, package.html
jfreechart-master\jfreechart-master\src\main\java\org\jfree\data\general\PieDataset.java, main.java, PieDataset
jfreechart-master\jfreechart-master\src\main\java\org\jfree\data\general\Series.java, main.java, Series
jfreechart-master\jfreechart-master\src\main\java\org\jfree\data\general\SeriesChangeEvent.java, main.java, SeriesChangeEvent
jfreechart-master\jfreechart-master\src\main\java\org\jfree\data\general\SeriesChangeListener.java, main.java, SeriesChangeListener
jfreechart-master\jfreechart-master\src\main\java\org\jfree\data\general\SeriesDataset.java, main.java, SeriesDataset
jfreechart-master\jfreechart-master\src\main\java\org\jfree\data\general\SeriesException.java, main.java, SeriesException
jfreechart-master\jfreechart-master\src\main\java\org\jfree\data\general\ValueDataset.java, main.java, ValueDataset
jfreechart-master\jfreechart-master\src\main\java\org\jfree\data\general\WaferMapDataset.java, main.java, WaferMapDataset
jfreechart-master\jfreechart-master\src\main\java\org\jfree\data\io\CSV.java, main.java, CSV
jfreechart-master\jfreechart-master\src\main\java\org\jfree\data\io\package.html, main.java, package.html
jfreechart-master\jfreechart-master\src\main\java\org\jfree\data\ItemKey.java, main.java, ItemKey
jfreechart-master\jfreechart-master\src\main\java\org\jfree\data\json\impl\JSONArray.java, main.java, JSONArray
jfreechart-master\jfreechart-master\src\main\java\org\jfree\data\json\impl\JSONAware.java, main.java, JSONAware
jfreechart-master\jfreechart-master\src\main\java\org\jfree\data\json\impl\JSONObject.java, main.java, JSONObject
jfreechart-master\jfreechart-master\src\main\java\org\jfree\data\json\impl\JSONStreamAware.java, main.java, JSONStreamAware
jfreechart-master\jfreechart-master\src\main\java\org\jfree\data\json\impl\JSONValue.java, main.java, JSONValue
jfreechart-master\jfreechart-master\src\main\java\org\jfree\data\json\impl\package-info.java, main.java, package-info
jfreechart-master\jfreechart-master\src\main\java\org\jfree\data\json\JSONUtils.java, main.java, JSONUtils
jfreechart-master\jfreechart-master\src\main\java\org\jfree\data\json\package-info.java, main.java, package-info
jfreechart-master\jfreechart-master\src\main\java\org\jfree\data\KeyedObject.java, main.java, KeyedObject
jfreechart-master\jfreechart-master\src\main\java\org\jfree\data\KeyedObjects.java, main.java, KeyedObjects
jfreechart-master\jfreechart-master\src\main\java\org\jfree\data\KeyedObjects2D.java, main.java, KeyedObjects2D
jfreechart-master\jfreechart-master\src\main\java\org\jfree\data\KeyedValue.java, main.java, KeyedValue
jfreechart-master\jfreechart-master\src\main\java\org\jfree\data\KeyedValueComparator.java, main.java, KeyedValueComparator
jfreechart-master\jfreechart-master\src\main\java\org\jfree\data\KeyedValueComparatorType.java, main.java, KeyedValueComparatorType
jfreechart-master\jfreechart-master\src\main\java\org\jfree\data\KeyedValues.java, main.java, KeyedValues
jfreechart-master\jfreechart-master\src\main\java\org\jfree\data\KeyedValues2D.java, main.java, KeyedValues2D
jfreechart-master\jfreechart-master\src\main\java\org\jfree\data\KeyedValues2DItemKey.java, main.java, KeyedValues2DItemKey
jfreechart-master\jfreechart-master\src\main\java\org\jfree\data\KeyedValuesItemKey.java, main.java, KeyedValuesItemKey
jfreechart-master\jfreechart-master\src\main\java\org\jfree\data\KeyToGroupMap.java, main.java, KeyToGroupMap
jfreechart-master\jfreechart-master\src\main\java\org\jfree\data\package.html, main.java, package.html
jfreechart-master\jfreechart-master\src\main\java\org\jfree\data\Range.java, main.java, Range
jfreechart-master\jfreechart-master\src\main\java\org\jfree\data\RangeInfo.java, main.java, RangeInfo
jfreechart-master\jfreechart-master\src\main\java\org\jfree\data\RangeType.java, main.java, RangeType
jfreechart-master\jfreechart-master\src\main\java\org\jfree\data\resources\DataPackageResources.java, main.java, DataPackageResources
jfreechart-master\jfreechart-master\src\main\java\org\jfree\data\resources\DataPackageResources_de.java, main.java, DataPackageResources_de
jfreechart-master\jfreechart-master\src\main\java\org\jfree\data\resources\DataPackageResources_es.java, main.java, DataPackageResources_es
jfreechart-master\jfreechart-master\src\main\java\org\jfree\data\resources\DataPackageResources_fr.java, main.java, DataPackageResources_fr
jfreechart-master\jfreechart-master\src\main\java\org\jfree\data\resources\DataPackageResources_pl.java, main.java, DataPackageResources_pl
jfreechart-master\jfreechart-master\src\main\java\org\jfree\data\resources\DataPackageResources_ru.java, main.java, DataPackageResources_ru
jfreechart-master\jfreechart-master\src\main\java\org\jfree\data\resources\package.html, main.java, package.html
jfreechart-master\jfreechart-master\src\main\java\org\jfree\data\statistics\BoxAndWhiskerCalculator.java, main.java, BoxAndWhiskerCalculator
jfreechart-master\jfreechart-master\src\main\java\org\jfree\data\statistics\BoxAndWhiskerCategoryDataset.java, main.java, BoxAndWhiskerCategoryDataset
jfreechart-master\jfreechart-master\src\main\java\org\jfree\data\statistics\BoxAndWhiskerItem.java, main.java, BoxAndWhiskerItem
jfreechart-master\jfreechart-master\src\main\java\org\jfree\data\statistics\BoxAndWhiskerXYDataset.java, main.java, BoxAndWhiskerXYDataset
jfreechart-master\jfreechart-master\src\main\java\org\jfree\data\statistics\DefaultBoxAndWhiskerCategoryDataset.java, main.java, DefaultBoxAndWhiskerCategoryDataset
jfreechart-master\jfreechart-master\src\main\java\org\jfree\data\statistics\DefaultBoxAndWhiskerXYDataset.java, main.java, DefaultBoxAndWhiskerXYDataset
jfreechart-master\jfreechart-master\src\main\java\org\jfree\data\statistics\DefaultMultiValueCategoryDataset.java, main.java, DefaultMultiValueCategoryDataset
jfreechart-master\jfreechart-master\src\main\java\org\jfree\data\statistics\DefaultStatisticalCategoryDataset.java, main.java, DefaultStatisticalCategoryDataset
jfreechart-master\jfreechart-master\src\main\java\org\jfree\data\statistics\HistogramBin.java, main.java, HistogramBin
jfreechart-master\jfreechart-master\src\main\java\org\jfree\data\statistics\HistogramDataset.java, main.java, HistogramDataset
jfreechart-master\jfreechart-master\src\main\java\org\jfree\data\statistics\HistogramType.java, main.java, HistogramType
jfreechart-master\jfreechart-master\src\main\java\org\jfree\data\statistics\MeanAndStandardDeviation.java, main.java, MeanAndStandardDeviation
jfreechart-master\jfreechart-master\src\main\java\org\jfree\data\statistics\MultiValueCategoryDataset.java, main.java, MultiValueCategoryDataset
jfreechart-master\jfreechart-master\src\main\java\org\jfree\data\statistics\package.html, main.java, package.html
jfreechart-master\jfreechart-master\src\main\java\org\jfree\data\statistics\Regression.java, main.java, Regression
jfreechart-master\jfreechart-master\src\main\java\org\jfree\data\statistics\SimpleHistogramBin.java, main.java, SimpleHistogramBin
jfreechart-master\jfreechart-master\src\main\java\org\jfree\data\statistics\SimpleHistogramDataset.java, main.java, SimpleHistogramDataset
jfreechart-master\jfreechart-master\src\main\java\org\jfree\data\statistics\StatisticalCategoryDataset.java, main.java, StatisticalCategoryDataset
jfreechart-master\jfreechart-master\src\main\java\org\jfree\data\statistics\Statistics.java, main.java, Statistics
jfreechart-master\jfreechart-master\src\main\java\org\jfree\data\time\DateRange.java, main.java, DateRange
jfreechart-master\jfreechart-master\src\main\java\org\jfree\data\time\Day.java, main.java, Day
jfreechart-master\jfreechart-master\src\main\java\org\jfree\data\time\DynamicTimeSeriesCollection.java, main.java, DynamicTimeSeriesCollection
jfreechart-master\jfreechart-master\src\main\java\org\jfree\data\time\FixedMillisecond.java, main.java, FixedMillisecond
jfreechart-master\jfreechart-master\src\main\java\org\jfree\data\time\Hour.java, main.java, Hour
jfreechart-master\jfreechart-master\src\main\java\org\jfree\data\time\Millisecond.java, main.java, Millisecond
jfreechart-master\jfreechart-master\src\main\java\org\jfree\data\time\Minute.java, main.java, Minute
jfreechart-master\jfreechart-master\src\main\java\org\jfree\data\time\Month.java, main.java, Month
jfreechart-master\jfreechart-master\src\main\java\org\jfree\data\time\MovingAverage.java, main.java, MovingAverage
jfreechart-master\jfreechart-master\src\main\java\org\jfree\data\time\ohlc\OHLC.java, main.java, OHLC
jfreechart-master\jfreechart-master\src\main\java\org\jfree\data\time\ohlc\OHLCItem.java, main.java, OHLCItem
jfreechart-master\jfreechart-master\src\main\java\org\jfree\data\time\ohlc\OHLCSeries.java, main.java, OHLCSeries
jfreechart-master\jfreechart-master\src\main\java\org\jfree\data\time\ohlc\OHLCSeriesCollection.java, main.java, OHLCSeriesCollection
jfreechart-master\jfreechart-master\src\main\java\org\jfree\data\time\ohlc\package.html, main.java, package.html
jfreechart-master\jfreechart-master\src\main\java\org\jfree\data\time\package.html, main.java, package.html
jfreechart-master\jfreechart-master\src\main\java\org\jfree\data\time\Quarter.java, main.java, Quarter
jfreechart-master\jfreechart-master\src\main\java\org\jfree\data\time\RegularTimePeriod.java, main.java, RegularTimePeriod
jfreechart-master\jfreechart-master\src\main\java\org\jfree\data\time\Second.java, main.java, Second
jfreechart-master\jfreechart-master\src\main\java\org\jfree\data\time\SimpleTimePeriod.java, main.java, SimpleTimePeriod
jfreechart-master\jfreechart-master\src\main\java\org\jfree\data\time\TimePeriod.java, main.java, TimePeriod
jfreechart-master\jfreechart-master\src\main\java\org\jfree\data\time\TimePeriodAnchor.java, main.java, TimePeriodAnchor
jfreechart-master\jfreechart-master\src\main\java\org\jfree\data\time\TimePeriodFormatException.java, main.java, TimePeriodFormatException
jfreechart-master\jfreechart-master\src\main\java\org\jfree\data\time\TimePeriodValue.java, main.java, TimePeriodValue
jfreechart-master\jfreechart-master\src\main\java\org\jfree\data\time\TimePeriodValues.java, main.java, TimePeriodValues
jfreechart-master\jfreechart-master\src\main\java\org\jfree\data\time\TimePeriodValuesCollection.java, main.java, TimePeriodValuesCollection
jfreechart-master\jfreechart-master\src\main\java\org\jfree\data\time\TimeSeries.java, main.java, TimeSeries
jfreechart-master\jfreechart-master\src\main\java\org\jfree\data\time\TimeSeriesCollection.java, main.java, TimeSeriesCollection
jfreechart-master\jfreechart-master\src\main\java\org\jfree\data\time\TimeSeriesDataItem.java, main.java, TimeSeriesDataItem
jfreechart-master\jfreechart-master\src\main\java\org\jfree\data\time\TimeSeriesTableModel.java, main.java, TimeSeriesTableModel
jfreechart-master\jfreechart-master\src\main\java\org\jfree\data\time\TimeTableXYDataset.java, main.java, TimeTableXYDataset
jfreechart-master\jfreechart-master\src\main\java\org\jfree\data\time\Week.java, main.java, Week
jfreechart-master\jfreechart-master\src\main\java\org\jfree\data\time\Year.java, main.java, Year
jfreechart-master\jfreechart-master\src\main\java\org\jfree\data\UnknownKeyException.java, main.java, UnknownKeyException
jfreechart-master\jfreechart-master\src\main\java\org\jfree\data\Value.java, main.java, Value
jfreechart-master\jfreechart-master\src\main\java\org\jfree\data\Values.java, main.java, Values
jfreechart-master\jfreechart-master\src\main\java\org\jfree\data\Values2D.java, main.java, Values2D
jfreechart-master\jfreechart-master\src\main\java\org\jfree\data\xml\CategoryDatasetHandler.java, main.java, CategoryDatasetHandler
jfreechart-master\jfreechart-master\src\main\java\org\jfree\data\xml\CategorySeriesHandler.java, main.java, CategorySeriesHandler
jfreechart-master\jfreechart-master\src\main\java\org\jfree\data\xml\DatasetReader.java, main.java, DatasetReader
jfreechart-master\jfreechart-master\src\main\java\org\jfree\data\xml\DatasetTags.java, main.java, DatasetTags
jfreechart-master\jfreechart-master\src\main\java\org\jfree\data\xml\ItemHandler.java, main.java, ItemHandler
jfreechart-master\jfreechart-master\src\main\java\org\jfree\data\xml\KeyHandler.java, main.java, KeyHandler
jfreechart-master\jfreechart-master\src\main\java\org\jfree\data\xml\package.html, main.java, package.html
jfreechart-master\jfreechart-master\src\main\java\org\jfree\data\xml\PieDatasetHandler.java, main.java, PieDatasetHandler
jfreechart-master\jfreechart-master\src\main\java\org\jfree\data\xml\RootHandler.java, main.java, RootHandler
jfreechart-master\jfreechart-master\src\main\java\org\jfree\data\xml\ValueHandler.java, main.java, ValueHandler
jfreechart-master\jfreechart-master\src\main\java\org\jfree\data\xy\AbstractIntervalXYDataset.java, main.java, AbstractIntervalXYDataset
jfreechart-master\jfreechart-master\src\main\java\org\jfree\data\xy\AbstractXYDataset.java, main.java, AbstractXYDataset
jfreechart-master\jfreechart-master\src\main\java\org\jfree\data\xy\AbstractXYZDataset.java, main.java, AbstractXYZDataset
jfreechart-master\jfreechart-master\src\main\java\org\jfree\data\xy\CategoryTableXYDataset.java, main.java, CategoryTableXYDataset
jfreechart-master\jfreechart-master\src\main\java\org\jfree\data\xy\DefaultHighLowDataset.java, main.java, DefaultHighLowDataset
jfreechart-master\jfreechart-master\src\main\java\org\jfree\data\xy\DefaultIntervalXYDataset.java, main.java, DefaultIntervalXYDataset
jfreechart-master\jfreechart-master\src\main\java\org\jfree\data\xy\DefaultOHLCDataset.java, main.java, DefaultOHLCDataset
jfreechart-master\jfreechart-master\src\main\java\org\jfree\data\xy\DefaultTableXYDataset.java, main.java, DefaultTableXYDataset
jfreechart-master\jfreechart-master\src\main\java\org\jfree\data\xy\DefaultWindDataset.java, main.java, DefaultWindDataset
jfreechart-master\jfreechart-master\src\main\java\org\jfree\data\xy\DefaultXYDataset.java, main.java, DefaultXYDataset
jfreechart-master\jfreechart-master\src\main\java\org\jfree\data\xy\DefaultXYZDataset.java, main.java, DefaultXYZDataset
jfreechart-master\jfreechart-master\src\main\java\org\jfree\data\xy\IntervalXYDataset.java, main.java, IntervalXYDataset
jfreechart-master\jfreechart-master\src\main\java\org\jfree\data\xy\IntervalXYDelegate.java, main.java, IntervalXYDelegate
jfreechart-master\jfreechart-master\src\main\java\org\jfree\data\xy\IntervalXYZDataset.java, main.java, IntervalXYZDataset
jfreechart-master\jfreechart-master\src\main\java\org\jfree\data\xy\MatrixSeries.java, main.java, MatrixSeries
jfreechart-master\jfreechart-master\src\main\java\org\jfree\data\xy\MatrixSeriesCollection.java, main.java, MatrixSeriesCollection
jfreechart-master\jfreechart-master\src\main\java\org\jfree\data\xy\NormalizedMatrixSeries.java, main.java, NormalizedMatrixSeries
jfreechart-master\jfreechart-master\src\main\java\org\jfree\data\xy\OHLCDataItem.java, main.java, OHLCDataItem
jfreechart-master\jfreechart-master\src\main\java\org\jfree\data\xy\OHLCDataset.java, main.java, OHLCDataset
jfreechart-master\jfreechart-master\src\main\java\org\jfree\data\xy\package.html, main.java, package.html
jfreechart-master\jfreechart-master\src\main\java\org\jfree\data\xy\TableXYDataset.java, main.java, TableXYDataset
jfreechart-master\jfreechart-master\src\main\java\org\jfree\data\xy\Vector.java, main.java, Vector
jfreechart-master\jfreechart-master\src\main\java\org\jfree\data\xy\VectorDataItem.java, main.java, VectorDataItem
jfreechart-master\jfreechart-master\src\main\java\org\jfree\data\xy\VectorSeries.java, main.java, VectorSeries
jfreechart-master\jfreechart-master\src\main\java\org\jfree\data\xy\VectorSeriesCollection.java, main.java, VectorSeriesCollection
jfreechart-master\jfreechart-master\src\main\java\org\jfree\data\xy\VectorXYDataset.java, main.java, VectorXYDataset
jfreechart-master\jfreechart-master\src\main\java\org\jfree\data\xy\WindDataset.java, main.java, WindDataset
jfreechart-master\jfreechart-master\src\main\java\org\jfree\data\xy\XIntervalDataItem.java, main.java, XIntervalDataItem
jfreechart-master\jfreechart-master\src\main\java\org\jfree\data\xy\XIntervalSeries.java, main.java, XIntervalSeries
jfreechart-master\jfreechart-master\src\main\java\org\jfree\data\xy\XIntervalSeriesCollection.java, main.java, XIntervalSeriesCollection
jfreechart-master\jfreechart-master\src\main\java\org\jfree\data\xy\XisSymbolic.java, main.java, XisSymbolic
jfreechart-master\jfreechart-master\src\main\java\org\jfree\data\xy\XYBarDataset.java, main.java, XYBarDataset
jfreechart-master\jfreechart-master\src\main\java\org\jfree\data\xy\XYCoordinate.java, main.java, XYCoordinate
jfreechart-master\jfreechart-master\src\main\java\org\jfree\data\xy\XYDataItem.java, main.java, XYDataItem
jfreechart-master\jfreechart-master\src\main\java\org\jfree\data\xy\XYDataset.java, main.java, XYDataset
jfreechart-master\jfreechart-master\src\main\java\org\jfree\data\xy\XYDatasetTableModel.java, main.java, XYDatasetTableModel
jfreechart-master\jfreechart-master\src\main\java\org\jfree\data\xy\XYDomainInfo.java, main.java, XYDomainInfo
jfreechart-master\jfreechart-master\src\main\java\org\jfree\data\xy\XYInterval.java, main.java, XYInterval
jfreechart-master\jfreechart-master\src\main\java\org\jfree\data\xy\XYIntervalDataItem.java, main.java, XYIntervalDataItem
jfreechart-master\jfreechart-master\src\main\java\org\jfree\data\xy\XYIntervalSeries.java, main.java, XYIntervalSeries
jfreechart-master\jfreechart-master\src\main\java\org\jfree\data\xy\XYIntervalSeriesCollection.java, main.java, XYIntervalSeriesCollection
jfreechart-master\jfreechart-master\src\main\java\org\jfree\data\xy\XYItemKey.java, main.java, XYItemKey
jfreechart-master\jfreechart-master\src\main\java\org\jfree\data\xy\XYRangeInfo.java, main.java, XYRangeInfo
jfreechart-master\jfreechart-master\src\main\java\org\jfree\data\xy\XYSeries.java, main.java, XYSeries
jfreechart-master\jfreechart-master\src\main\java\org\jfree\data\xy\XYSeriesCollection.java, main.java, XYSeriesCollection
jfreechart-master\jfreechart-master\src\main\java\org\jfree\data\xy\XYZDataset.java, main.java, XYZDataset
jfreechart-master\jfreechart-master\src\main\java\org\jfree\data\xy\YInterval.java, main.java, YInterval
jfreechart-master\jfreechart-master\src\main\java\org\jfree\data\xy\YIntervalDataItem.java, main.java, YIntervalDataItem
jfreechart-master\jfreechart-master\src\main\java\org\jfree\data\xy\YIntervalSeries.java, main.java, YIntervalSeries
jfreechart-master\jfreechart-master\src\main\java\org\jfree\data\xy\YIntervalSeriesCollection.java, main.java, YIntervalSeriesCollection
jfreechart-master\jfreechart-master\src\main\java\org\jfree\data\xy\YisSymbolic.java, main.java, YisSymbolic
jfreechart-master\jfreechart-master\src\main\java\org\jfree\data\xy\YWithXInterval.java, main.java, YWithXInterval
jfreechart-master\jfreechart-master\src\main\javadoc\org\jfree\chart\plot\doc-files\DialPlotSample.png, main.java, DialPlotSample.png
jfreechart-master\jfreechart-master\src\main\javadoc\org\jfree\chart\plot\doc-files\PieChartDemo2.svg, main.java, PieChartDemo2.svg
jfreechart-master\jfreechart-master\src\main\javadoc\org\jfree\chart\renderer\category\doc-files\AreaRendererSample.png, main.java, AreaRendererSample.png
jfreechart-master\jfreechart-master\src\main\javadoc\org\jfree\chart\renderer\category\doc-files\BarChartDemo1.svg, main.java, BarChartDemo1.svg
jfreechart-master\jfreechart-master\src\main\javadoc\org\jfree\chart\renderer\category\doc-files\BoxAndWhiskerRendererSample.png, main.java, BoxAndWhiskerRendererSample.png
jfreechart-master\jfreechart-master\src\main\javadoc\org\jfree\chart\renderer\category\doc-files\CategoryStepRendererSample.png, main.java, CategoryStepRendererSample.png
jfreechart-master\jfreechart-master\src\main\javadoc\org\jfree\chart\renderer\category\doc-files\GanttRendererSample.png, main.java, GanttRendererSample.png
jfreechart-master\jfreechart-master\src\main\javadoc\org\jfree\chart\renderer\category\doc-files\GroupedStackedBarRendererSample.png, main.java, GroupedStackedBarRendererSample.png
jfreechart-master\jfreechart-master\src\main\javadoc\org\jfree\chart\renderer\category\doc-files\IntervalBarRendererSample.png, main.java, IntervalBarRendererSample.png
jfreechart-master\jfreechart-master\src\main\javadoc\org\jfree\chart\renderer\category\doc-files\LayeredBarRendererSample.png, main.java, LayeredBarRendererSample.png
jfreechart-master\jfreechart-master\src\main\javadoc\org\jfree\chart\renderer\category\doc-files\LevelRendererSample.png, main.java, LevelRendererSample.png
jfreechart-master\jfreechart-master\src\main\javadoc\org\jfree\chart\renderer\category\doc-files\LineAndShapeRendererSample.png, main.java, LineAndShapeRendererSample.png
jfreechart-master\jfreechart-master\src\main\javadoc\org\jfree\chart\renderer\category\doc-files\MinMaxCategoryRendererSample.png, main.java, MinMaxCategoryRendererSample.png
jfreechart-master\jfreechart-master\src\main\javadoc\org\jfree\chart\renderer\category\doc-files\ScatterRendererSample.png, main.java, ScatterRendererSample.png
jfreechart-master\jfreechart-master\src\main\javadoc\org\jfree\chart\renderer\category\doc-files\StackedAreaRendererSample.png, main.java, StackedAreaRendererSample.png
jfreechart-master\jfreechart-master\src\main\javadoc\org\jfree\chart\renderer\category\doc-files\StackedBarRendererSample.png, main.java, StackedBarRendererSample.png
jfreechart-master\jfreechart-master\src\main\javadoc\org\jfree\chart\renderer\category\doc-files\StatisticalBarRendererSample.png, main.java, StatisticalBarRendererSample.png
jfreechart-master\jfreechart-master\src\main\javadoc\org\jfree\chart\renderer\category\doc-files\StatisticalLineRendererSample.png, main.java, StatisticalLineRendererSample.png
jfreechart-master\jfreechart-master\src\main\javadoc\org\jfree\chart\renderer\category\doc-files\WaterfallBarRendererSample.png, main.java, WaterfallBarRendererSample.png
jfreechart-master\jfreechart-master\src\main\javadoc\org\jfree\chart\renderer\xy\doc-files\CandleStickRendererSample.png, main.java, CandleStickRendererSample.png
jfreechart-master\jfreechart-master\src\main\javadoc\org\jfree\chart\renderer\xy\doc-files\ClusteredXYBarRendererSample.png, main.java, ClusteredXYBarRendererSample.png
jfreechart-master\jfreechart-master\src\main\javadoc\org\jfree\chart\renderer\xy\doc-files\DeviationRendererSample.png, main.java, DeviationRendererSample.png
jfreechart-master\jfreechart-master\src\main\javadoc\org\jfree\chart\renderer\xy\doc-files\HighLowRendererSample.png, main.java, HighLowRendererSample.png
jfreechart-master\jfreechart-master\src\main\javadoc\org\jfree\chart\renderer\xy\doc-files\StackedXYAreaRenderer2Sample.png, main.java, StackedXYAreaRenderer2Sample.png
jfreechart-master\jfreechart-master\src\main\javadoc\org\jfree\chart\renderer\xy\doc-files\StackedXYAreaRendererSample.png, main.java, StackedXYAreaRendererSample.png
jfreechart-master\jfreechart-master\src\main\javadoc\org\jfree\chart\renderer\xy\doc-files\StackedXYBarRendererSample.png, main.java, StackedXYBarRendererSample.png
jfreechart-master\jfreechart-master\src\main\javadoc\org\jfree\chart\renderer\xy\doc-files\VectorRendererSample.png, main.java, VectorRendererSample.png
jfreechart-master\jfreechart-master\src\main\javadoc\org\jfree\chart\renderer\xy\doc-files\WindItemRendererSample.png, main.java, WindItemRendererSample.png
jfreechart-master\jfreechart-master\src\main\javadoc\org\jfree\chart\renderer\xy\doc-files\XYAreaRenderer2Sample.png, main.java, XYAreaRenderer2Sample.png
jfreechart-master\jfreechart-master\src\main\javadoc\org\jfree\chart\renderer\xy\doc-files\XYAreaRendererSample.png, main.java, XYAreaRendererSample.png
jfreechart-master\jfreechart-master\src\main\javadoc\org\jfree\chart\renderer\xy\doc-files\XYBarRendererSample.png, main.java, XYBarRendererSample.png
jfreechart-master\jfreechart-master\src\main\javadoc\org\jfree\chart\renderer\xy\doc-files\XYBlockRendererSample.png, main.java, XYBlockRendererSample.png
jfreechart-master\jfreechart-master\src\main\javadoc\org\jfree\chart\renderer\xy\doc-files\XYBoxAndWhiskerRendererSample.png, main.java, XYBoxAndWhiskerRendererSample.png
jfreechart-master\jfreechart-master\src\main\javadoc\org\jfree\chart\renderer\xy\doc-files\XYBubbleRendererSample.png, main.java, XYBubbleRendererSample.png
jfreechart-master\jfreechart-master\src\main\javadoc\org\jfree\chart\renderer\xy\doc-files\XYDifferenceRendererSample.png, main.java, XYDifferenceRendererSample.png
jfreechart-master\jfreechart-master\src\main\javadoc\org\jfree\chart\renderer\xy\doc-files\XYDotRendererSample.png, main.java, XYDotRendererSample.png
jfreechart-master\jfreechart-master\src\main\javadoc\org\jfree\chart\renderer\xy\doc-files\XYErrorRendererSample.png, main.java, XYErrorRendererSample.png
jfreechart-master\jfreechart-master\src\main\javadoc\org\jfree\chart\renderer\xy\doc-files\XYLineAndShapeRendererSample.png, main.java, XYLineAndShapeRendererSample.png
jfreechart-master\jfreechart-master\src\main\javadoc\org\jfree\chart\renderer\xy\doc-files\XYShapeRendererSample.png, main.java, XYShapeRendererSample.png
jfreechart-master\jfreechart-master\src\main\javadoc\org\jfree\chart\renderer\xy\doc-files\XYSplineRendererSample.png, main.java, XYSplineRendererSample.png
jfreechart-master\jfreechart-master\src\main\javadoc\org\jfree\chart\renderer\xy\doc-files\XYStepAreaRendererSample.png, main.java, XYStepAreaRendererSample.png
jfreechart-master\jfreechart-master\src\main\javadoc\org\jfree\chart\renderer\xy\doc-files\XYStepRendererSample.png, main.java, XYStepRendererSample.png
jfreechart-master\jfreechart-master\src\main\javadoc\org\jfree\chart\renderer\xy\doc-files\YIntervalRendererSample.png, main.java, YIntervalRendererSample.png
jfreechart-master\jfreechart-master\src\main\javadoc\overview.html, main.java, overview.html
jfreechart-master\jfreechart-master\src\main\resources\org\jfree\chart\editor\LocalizationBundle.properties, main.java, LocalizationBundle.properties
jfreechart-master\jfreechart-master\src\main\resources\org\jfree\chart\editor\LocalizationBundle_ca.properties, main.java, LocalizationBundle_ca.properties
jfreechart-master\jfreechart-master\src\main\resources\org\jfree\chart\editor\LocalizationBundle_cs.properties, main.java, LocalizationBundle_cs.properties
jfreechart-master\jfreechart-master\src\main\resources\org\jfree\chart\editor\LocalizationBundle_de.properties, main.java, LocalizationBundle_de.properties
jfreechart-master\jfreechart-master\src\main\resources\org\jfree\chart\editor\LocalizationBundle_es.properties, main.java, LocalizationBundle_es.properties
jfreechart-master\jfreechart-master\src\main\resources\org\jfree\chart\editor\LocalizationBundle_fr.properties, main.java, LocalizationBundle_fr.properties
jfreechart-master\jfreechart-master\src\main\resources\org\jfree\chart\editor\LocalizationBundle_ja.properties, main.java, LocalizationBundle_ja.properties
jfreechart-master\jfreechart-master\src\main\resources\org\jfree\chart\editor\LocalizationBundle_nl.properties, main.java, LocalizationBundle_nl.properties
jfreechart-master\jfreechart-master\src\main\resources\org\jfree\chart\editor\LocalizationBundle_pl.properties, main.java, LocalizationBundle_pl.properties
jfreechart-master\jfreechart-master\src\main\resources\org\jfree\chart\editor\LocalizationBundle_pt_BR.properties, main.java, LocalizationBundle_pt_BR.properties
jfreechart-master\jfreechart-master\src\main\resources\org\jfree\chart\editor\LocalizationBundle_pt_PT.properties, main.java, LocalizationBundle_pt_PT.properties
jfreechart-master\jfreechart-master\src\main\resources\org\jfree\chart\editor\LocalizationBundle_ru.properties, main.java, LocalizationBundle_ru.properties
jfreechart-master\jfreechart-master\src\main\resources\org\jfree\chart\editor\LocalizationBundle_zh_CN.properties, main.java, LocalizationBundle_zh_CN.properties
jfreechart-master\jfreechart-master\src\main\resources\org\jfree\chart\LocalizationBundle.properties, main.java, LocalizationBundle.properties
jfreechart-master\jfreechart-master\src\main\resources\org\jfree\chart\LocalizationBundle_ca.properties, main.java, LocalizationBundle_ca.properties
jfreechart-master\jfreechart-master\src\main\resources\org\jfree\chart\LocalizationBundle_cs.properties, main.java, LocalizationBundle_cs.properties
jfreechart-master\jfreechart-master\src\main\resources\org\jfree\chart\LocalizationBundle_de.properties, main.java, LocalizationBundle_de.properties
jfreechart-master\jfreechart-master\src\main\resources\org\jfree\chart\LocalizationBundle_es.properties, main.java, LocalizationBundle_es.properties
jfreechart-master\jfreechart-master\src\main\resources\org\jfree\chart\LocalizationBundle_fr.properties, main.java, LocalizationBundle_fr.properties
jfreechart-master\jfreechart-master\src\main\resources\org\jfree\chart\LocalizationBundle_it.properties, main.java, LocalizationBundle_it.properties
jfreechart-master\jfreechart-master\src\main\resources\org\jfree\chart\LocalizationBundle_ja.properties, main.java, LocalizationBundle_ja.properties
jfreechart-master\jfreechart-master\src\main\resources\org\jfree\chart\LocalizationBundle_nl.properties, main.java, LocalizationBundle_nl.properties
jfreechart-master\jfreechart-master\src\main\resources\org\jfree\chart\LocalizationBundle_pl.properties, main.java, LocalizationBundle_pl.properties
jfreechart-master\jfreechart-master\src\main\resources\org\jfree\chart\LocalizationBundle_pt_BR.properties, main.java, LocalizationBundle_pt_BR.properties
jfreechart-master\jfreechart-master\src\main\resources\org\jfree\chart\LocalizationBundle_pt_PT.properties, main.java, LocalizationBundle_pt_PT.properties
jfreechart-master\jfreechart-master\src\main\resources\org\jfree\chart\LocalizationBundle_ru.properties, main.java, LocalizationBundle_ru.properties
jfreechart-master\jfreechart-master\src\main\resources\org\jfree\chart\LocalizationBundle_zh_CN.properties, main.java, LocalizationBundle_zh_CN.properties
jfreechart-master\jfreechart-master\src\main\resources\org\jfree\chart\LocalizationBundle_zh_TW.properties, main.java, LocalizationBundle_zh_TW.properties
jfreechart-master\jfreechart-master\src\main\resources\org\jfree\chart\plot\LocalizationBundle.properties, main.java, LocalizationBundle.properties
jfreechart-master\jfreechart-master\src\main\resources\org\jfree\chart\plot\LocalizationBundle_ca.properties, main.java, LocalizationBundle_ca.properties
jfreechart-master\jfreechart-master\src\main\resources\org\jfree\chart\plot\LocalizationBundle_cs.properties, main.java, LocalizationBundle_cs.properties
jfreechart-master\jfreechart-master\src\main\resources\org\jfree\chart\plot\LocalizationBundle_de.properties, main.java, LocalizationBundle_de.properties
jfreechart-master\jfreechart-master\src\main\resources\org\jfree\chart\plot\LocalizationBundle_es.properties, main.java, LocalizationBundle_es.properties
jfreechart-master\jfreechart-master\src\main\resources\org\jfree\chart\plot\LocalizationBundle_fr.properties, main.java, LocalizationBundle_fr.properties
jfreechart-master\jfreechart-master\src\main\resources\org\jfree\chart\plot\LocalizationBundle_ja.properties, main.java, LocalizationBundle_ja.properties
jfreechart-master\jfreechart-master\src\main\resources\org\jfree\chart\plot\LocalizationBundle_nl.properties, main.java, LocalizationBundle_nl.properties
jfreechart-master\jfreechart-master\src\main\resources\org\jfree\chart\plot\LocalizationBundle_pl.properties, main.java, LocalizationBundle_pl.properties
jfreechart-master\jfreechart-master\src\main\resources\org\jfree\chart\plot\LocalizationBundle_pt_PT.properties, main.java, LocalizationBundle_pt_PT.properties
jfreechart-master\jfreechart-master\src\main\resources\org\jfree\chart\plot\LocalizationBundle_ru.properties, main.java, LocalizationBundle_ru.properties
jfreechart-master\jfreechart-master\src\main\resources\org\jfree\chart\plot\LocalizationBundle_zh_CN.properties, main.java, LocalizationBundle_zh_CN.properties
jfreechart-master\jfreechart-master\src\main\resources\org\jfree\chart\ui\LocalizationBundle.properties, main.java, LocalizationBundle.properties
jfreechart-master\jfreechart-master\src\main\resources\org\jfree\chart\ui\LocalizationBundle_de.properties, main.java, LocalizationBundle_de.properties
jfreechart-master\jfreechart-master\src\main\resources\org\jfree\chart\ui\LocalizationBundle_es.properties, main.java, LocalizationBundle_es.properties
jfreechart-master\jfreechart-master\src\main\resources\org\jfree\chart\ui\LocalizationBundle_fr.properties, main.java, LocalizationBundle_fr.properties
jfreechart-master\jfreechart-master\src\main\resources\org\jfree\chart\ui\LocalizationBundle_pt_PT.properties, main.java, LocalizationBundle_pt_PT.properties
